season,week,n_couples,rp_kendall,rp_spearman,rp_top3_jaccard,rp_top5_jaccard,rp_top10_jaccard,r_js_kendall,r_js_spearman,rjs_top3_jaccard,rjs_top5_jaccard,rjs_top10_jaccard,p_js_kendall,p_js_spearman,pjs_top3_jaccard,pjs_top5_jaccard,pjs_top10_jaccard,spearman_fan_total_rank,spearman_fan_total_percent,rank_sens_mean,rank_sens_p25,rank_sens_p75,percent_sens_mean,percent_sens_p25,percent_sens_p75
1,1,6,0.9999999999999999,1.0,1.0,1.0,1.0,0.9999999999999999,1.0,1.0,1.0,1.0,0.9999999999999999,1.0,1.0,1.0,1.0,1.0,1.0,0.023288888888888994,1.1102230246251565e-16,1.1102230246251565e-16,0.16462222222222225,0.13333333333333341,0.2666666666666667
1,2,6,0.7333333333333333,0.8857142857142858,1.0,1.0,1.0,0.7333333333333333,0.8857142857142858,1.0,1.0,1.0,0.9999999999999999,1.0,1.0,1.0,1.0,0.3714285714285715,0.6,0.08142222222222233,1.1102230246251565e-16,0.13333333333333341,0.2456,0.13333333333333341,0.4
1,3,5,0.6,0.7,1.0,1.0,1.0,0.6,0.7,1.0,1.0,1.0,0.9999999999999999,0.9999999999999999,1.0,1.0,1.0,-0.09999999999999999,0.6,0.0516000000000001,1.1102230246251565e-16,0.20000000000000007,0.25360000000000005,1.1102230246251565e-16,0.4
1,4,4,0.3333333333333334,0.39999999999999997,0.5,1.0,1.0,0.3333333333333334,0.39999999999999997,0.5,1.0,1.0,1.0,1.0,1.0,1.0,1.0,-0.7999999999999999,0.0,0.021111111111111098,0.0,0.0,0.6068888888888888,0.33333333333333315,1.0
1,5,3,1.0,1.0,1.0,1.0,1.0,1.0,1.0,1.0,1.0,1.0,1.0,1.0,1.0,1.0,1.0,-1.0,-1.0,0.0,0.0,0.0,0.5542222222222223,0.0,0.6666666666666666
2,1,10,0.4666666666666666,0.5878787878787878,0.5,0.25,1.0,0.4666666666666666,0.5878787878787878,0.5,0.25,1.0,0.9999999999999999,0.9999999999999999,1.0,1.0,1.0,0.23636363636363633,0.709090909090909,0.13460740740740754,0.08888888888888902,0.17777777777777792,0.36506666666666676,0.2666666666666667,0.44444444444444453
2,2,9,0.6666666666666666,0.8333333333333333,1.0,0.6666666666666666,1.0,0.6666666666666666,0.8333333333333333,1.0,0.6666666666666666,1.0,1.0,1.0,1.0,1.0,1.0,0.19999999999999998,0.5166666666666667,0.12199999999999998,0.05555555555555547,0.16666666666666663,0.3105925925925926,0.2222222222222222,0.38888888888888895
2,3,8,0.42857142857142855,0.5952380952380953,0.2,0.6666666666666666,1.0,0.42857142857142855,0.5952380952380953,0.2,0.6666666666666666,1.0,0.9999999999999998,1.0,1.0,1.0,1.0,0.023809523809523815,0.7619047619047621,0.11880952380952393,0.07142857142857151,0.1428571428571429,0.32552380952380955,0.2142857142857144,0.4285714285714286
2,4,7,0.7142857142857143,0.8571428571428573,1.0,0.6666666666666666,1.0,0.7142857142857143,0.8571428571428573,1.0,0.6666666666666666,1.0,1.0,1.0,1.0,1.0,1.0,0.5714285714285715,0.7857142857142859,0.11473015873015865,0.0,0.19047619047619035,0.23028571428571423,0.09523809523809512,0.2857142857142857
2,5,6,0.3333333333333333,0.4285714285714286,0.5,1.0,1.0,0.3333333333333333,0.4285714285714286,0.5,1.0,1.0,0.9999999999999999,1.0,1.0,1.0,1.0,0.2,0.942857142857143,0.1262222222222223,1.1102230246251565e-16,0.13333333333333341,0.37831111111111115,0.2666666666666667,0.5333333333333334
2,6,5,0.39999999999999997,0.6,0.5,1.0,1.0,0.39999999999999997,0.6,0.5,1.0,1.0,0.9999999999999999,0.9999999999999999,1.0,1.0,1.0,0.0,0.7999999999999999,0.17680000000000007,1.1102230246251565e-16,0.20000000000000007,0.28080000000000005,0.20000000000000007,0.4
2,7,4,0.0,0.19999999999999998,0.5,1.0,1.0,0.0,0.19999999999999998,0.5,1.0,1.0,1.0,1.0,1.0,1.0,1.0,-0.39999999999999997,0.7999999999999999,0.2428888888888888,0.0,0.33333333333333315,0.28755555555555545,0.0,0.33333333333333315
2,8,3,0.33333333333333337,0.5,1.0,1.0,1.0,0.33333333333333337,0.5,1.0,1.0,1.0,1.0,1.0,1.0,1.0,1.0,0.5,1.0,0.19644444444444442,0.0,0.6666666666666666,0.13422222222222221,0.0,0.0
3,1,11,0.7090909090909091,0.8454545454545455,0.5,0.6666666666666666,1.0,0.7090909090909091,0.8454545454545455,0.5,0.6666666666666666,1.0,1.0,1.0,1.0,1.0,1.0,0.48181818181818187,0.8363636363636365,0.14841212121212122,0.10909090909090913,0.18181818181818177,0.23115151515151516,0.1454545454545455,0.2909090909090909
3,2,10,0.3333333333333333,0.5272727272727272,0.5,0.42857142857142855,1.0,0.3333333333333333,0.5272727272727272,0.5,0.42857142857142855,1.0,0.9999999999999999,0.9999999999999999,1.0,1.0,1.0,0.2606060606060606,0.9515151515151514,0.14592592592592607,0.08888888888888902,0.17777777777777792,0.2868444444444445,0.22222222222222232,0.3555555555555556
3,3,9,0.4444444444444444,0.65,0.5,0.6666666666666666,1.0,0.4444444444444444,0.65,0.5,0.6666666666666666,1.0,1.0,1.0,1.0,1.0,1.0,0.19999999999999998,0.7999999999999999,0.16899999999999998,0.11111111111111116,0.2222222222222222,0.29848148148148146,0.2222222222222222,0.38888888888888895
3,4,8,0.7142857142857142,0.8333333333333335,0.5,0.6666666666666666,1.0,0.7142857142857142,0.8333333333333335,0.5,0.6666666666666666,1.0,0.9999999999999998,1.0,1.0,1.0,1.0,0.4761904761904762,0.8333333333333335,0.1788095238095239,0.1428571428571429,0.2142857142857144,0.2963333333333334,0.2142857142857144,0.3571428571428572
3,5,7,0.4285714285714286,0.5357142857142858,0.5,0.6666666666666666,1.0,0.4285714285714286,0.5357142857142858,0.5,0.6666666666666666,1.0,1.0,1.0,1.0,1.0,1.0,0.3571428571428572,0.9642857142857145,0.11320634920634912,0.0,0.19047619047619035,0.30647619047619035,0.19047619047619035,0.38095238095238093
3,6,5,0.9999999999999999,0.9999999999999999,1.0,1.0,1.0,0.9999999999999999,0.9999999999999999,1.0,1.0,1.0,0.9999999999999999,0.9999999999999999,1.0,1.0,1.0,0.8999999999999998,0.8999999999999998,0.010533333333333441,1.1102230246251565e-16,1.1102230246251565e-16,0.1061333333333334,1.1102230246251565e-16,0.20000000000000007
3,7,5,0.7999999999999999,0.8999999999999998,1.0,1.0,1.0,0.7999999999999999,0.8999999999999998,1.0,1.0,1.0,0.9999999999999999,0.9999999999999999,1.0,1.0,1.0,0.8999999999999998,0.9999999999999999,0.024533333333333435,1.1102230246251565e-16,1.1102230246251565e-16,0.1504000000000001,1.1102230246251565e-16,0.20000000000000007
3,8,4,0.6666666666666669,0.7999999999999999,1.0,1.0,1.0,0.6666666666666669,0.7999999999999999,1.0,1.0,1.0,1.0,1.0,1.0,1.0,1.0,0.7999999999999999,1.0,0.007777777777777774,0.0,0.0,0.20044444444444434,0.0,0.33333333333333315
3,9,3,0.33333333333333337,0.5,1.0,1.0,1.0,0.33333333333333337,0.5,1.0,1.0,1.0,1.0,1.0,1.0,1.0,1.0,0.5,1.0,0.0,0.0,0.0,0.1502222222222222,0.0,0.0
4,1,11,0.7454545454545454,0.8636363636363636,1.0,0.6666666666666666,1.0,0.7454545454545454,0.8636363636363636,1.0,0.6666666666666666,1.0,1.0,1.0,1.0,1.0,1.0,0.7181818181818183,0.9363636363636365,0.06644848484848484,0.036363636363636376,0.10909090909090913,0.16162424242424245,0.10909090909090913,0.21818181818181814
4,2,11,0.7090909090909091,0.8545454545454546,1.0,0.6666666666666666,0.8181818181818182,0.7090909090909091,0.8545454545454546,1.0,0.6666666666666666,0.8181818181818182,1.0,1.0,1.0,1.0,1.0,0.6727272727272727,0.9181818181818183,0.10121212121212121,0.07272727272727264,0.1454545454545455,0.18574545454545455,0.10909090909090913,0.21818181818181814
4,3,10,0.6444444444444444,0.7939393939393938,0.2,0.6666666666666666,1.0,0.6444444444444444,0.7939393939393938,0.2,0.6666666666666666,1.0,0.9999999999999999,0.9999999999999999,1.0,1.0,1.0,0.5272727272727272,0.8303030303030302,0.08029629629629642,0.04444444444444462,0.13333333333333341,0.23226666666666676,0.17777777777777792,0.3111111111111112
4,4,9,0.8888888888888888,0.9666666666666667,0.5,0.6666666666666666,1.0,0.8888888888888888,0.9666666666666667,0.5,0.6666666666666666,1.0,1.0,1.0,1.0,1.0,1.0,0.8166666666666667,0.8499999999999999,0.0589259259259259,0.0,0.11111111111111116,0.11962962962962961,0.05555555555555547,0.16666666666666663
4,5,8,0.7857142857142856,0.9047619047619048,1.0,0.6666666666666666,1.0,0.7857142857142856,0.9047619047619048,1.0,0.6666666666666666,1.0,0.9999999999999998,1.0,1.0,1.0,1.0,0.6904761904761906,0.8095238095238096,0.09180952380952391,0.07142857142857151,0.1428571428571429,0.1660000000000001,0.07142857142857151,0.2142857142857144
4,6,7,0.7142857142857143,0.8571428571428573,1.0,1.0,1.0,0.7142857142857143,0.8571428571428573,1.0,1.0,1.0,1.0,1.0,1.0,1.0,1.0,0.8571428571428573,1.0,0.08419047619047611,0.0,0.09523809523809512,0.14736507936507928,0.09523809523809512,0.19047619047619035
4,7,6,0.7333333333333333,0.8857142857142858,1.0,0.6666666666666666,1.0,0.7333333333333333,0.8857142857142858,1.0,0.6666666666666666,1.0,0.9999999999999999,1.0,1.0,1.0,1.0,0.6571428571428573,0.8857142857142858,0.062311111111111206,1.1102230246251565e-16,0.13333333333333341,0.1690666666666667,0.13333333333333341,0.2666666666666667
4,8,5,0.9999999999999999,0.9999999999999999,1.0,1.0,1.0,0.9999999999999999,0.9999999999999999,1.0,1.0,1.0,0.9999999999999999,0.9999999999999999,1.0,1.0,1.0,0.8999999999999998,0.8999999999999998,0.0030666666666667773,1.1102230246251565e-16,1.1102230246251565e-16,0.0936000000000001,1.1102230246251565e-16,0.20000000000000007
4,9,4,0.3333333333333334,0.39999999999999997,1.0,1.0,1.0,0.3333333333333334,0.39999999999999997,1.0,1.0,1.0,1.0,1.0,1.0,1.0,1.0,0.39999999999999997,1.0,0.09177777777777771,0.0,0.33333333333333315,0.16733333333333325,0.0,0.33333333333333315
4,10,3,1.0,1.0,1.0,1.0,1.0,1.0,1.0,1.0,1.0,1.0,1.0,1.0,1.0,1.0,1.0,1.0,1.0,0.0,0.0,0.0,0.029333333333333333,0.0,0.0
5,1,12,0.6363636363636362,0.8111888111888113,0.5,0.42857142857142855,0.8181818181818182,0.6363636363636362,0.8111888111888113,0.5,0.42857142857142855,0.8181818181818182,0.9999999999999998,1.0,1.0,1.0,1.0,0.4545454545454546,0.8041958041958043,0.11373737373737386,0.060606060606060774,0.1515151515151516,0.3404646464646466,0.24242424242424254,0.4242424242424243
5,2,11,0.5636363636363636,0.7000000000000001,0.5,0.6666666666666666,0.8181818181818182,0.5636363636363636,0.7000000000000001,0.5,0.6666666666666666,0.8181818181818182,1.0,1.0,1.0,1.0,1.0,0.29090909090909095,0.7818181818181819,0.10589090909090909,0.07272727272727264,0.1454545454545455,0.32104242424242424,0.21818181818181814,0.3999999999999999
5,3,10,0.4222222222222222,0.6121212121212121,0.2,0.6666666666666666,1.0,0.4222222222222222,0.6121212121212121,0.2,0.6666666666666666,1.0,0.9999999999999999,0.9999999999999999,1.0,1.0,1.0,0.22424242424242422,0.8545454545454544,0.11863703703703717,0.08888888888888902,0.17777777777777792,0.3281185185185186,0.22222222222222232,0.4
5,4,9,0.4444444444444444,0.6333333333333333,0.2,0.42857142857142855,1.0,0.4444444444444444,0.6333333333333333,0.2,0.42857142857142855,1.0,1.0,1.0,1.0,1.0,1.0,0.3666666666666667,0.9333333333333332,0.1215185185185185,0.05555555555555547,0.16666666666666663,0.37844444444444447,0.2777777777777778,0.5
5,5,8,0.2857142857142857,0.4285714285714286,0.2,0.6666666666666666,1.0,0.2857142857142857,0.4285714285714286,0.2,0.6666666666666666,1.0,0.9999999999999998,1.0,1.0,1.0,1.0,-0.28571428571428575,0.6428571428571429,0.09980952380952393,0.07142857142857151,0.1428571428571429,0.4075238095238096,0.2857142857142858,0.5000000000000001
5,6,7,0.7142857142857143,0.8928571428571429,1.0,1.0,1.0,0.7142857142857143,0.8928571428571429,1.0,1.0,1.0,1.0,1.0,1.0,1.0,1.0,0.6785714285714287,0.8928571428571429,0.06571428571428564,0.0,0.09523809523809512,0.20120634920634908,0.09523809523809512,0.2857142857142857
5,7,6,0.4666666666666666,0.5428571428571429,0.5,1.0,1.0,0.4666666666666666,0.5428571428571429,0.5,1.0,1.0,0.9999999999999999,1.0,1.0,1.0,1.0,0.5428571428571429,1.0,0.05128888888888899,1.1102230246251565e-16,0.13333333333333341,0.31635555555555556,0.13333333333333341,0.4
5,8,5,0.39999999999999997,0.6,0.5,1.0,1.0,0.39999999999999997,0.6,0.5,1.0,1.0,0.9999999999999999,0.9999999999999999,1.0,1.0,1.0,0.3,0.8999999999999998,0.0016000000000001107,1.1102230246251565e-16,1.1102230246251565e-16,0.20013333333333344,1.1102230246251565e-16,0.20000000000000007
5,9,4,0.6666666666666669,0.7999999999999999,0.5,1.0,1.0,0.6666666666666669,0.7999999999999999,0.5,1.0,1.0,1.0,1.0,1.0,1.0,1.0,0.39999999999999997,0.7999999999999999,0.0,0.0,0.0,0.2306666666666666,0.0,0.33333333333333315
5,10,3,0.33333333333333337,0.5,1.0,1.0,1.0,0.33333333333333337,0.5,1.0,1.0,1.0,1.0,1.0,1.0,1.0,1.0,0.5,1.0,0.017777777777777778,0.0,0.0,0.01911111111111111,0.0,0.0
6,1,12,0.9696969696969696,0.9930069930069931,1.0,1.0,0.8181818181818182,0.9696969696969696,0.9930069930069931,1.0,1.0,0.8181818181818182,0.9999999999999998,1.0,1.0,1.0,1.0,0.9720279720279721,0.9860139860139862,0.05359595959595974,0.030303030303030387,0.060606060606060774,0.14921212121212132,0.09090909090909105,0.18181818181818188
6,2,12,0.9393939393939392,0.9860139860139862,1.0,1.0,0.8181818181818182,0.9393939393939392,0.9860139860139862,1.0,1.0,0.8181818181818182,0.9999999999999998,1.0,1.0,1.0,1.0,0.9160839160839163,0.9510489510489512,0.06341414141414155,0.030303030303030387,0.09090909090909105,0.13666666666666677,0.09090909090909105,0.18181818181818188
6,3,10,0.7333333333333333,0.9030303030303028,0.5,0.6666666666666666,1.0,0.7333333333333333,0.9030303030303028,0.5,0.6666666666666666,1.0,0.9999999999999999,0.9999999999999999,1.0,1.0,1.0,0.709090909090909,0.9151515151515152,0.08100740740740754,0.04444444444444462,0.08888888888888902,0.23345185185185194,0.17777777777777792,0.3111111111111112
6,4,9,0.8888888888888888,0.9666666666666667,0.5,1.0,1.0,0.8888888888888888,0.9666666666666667,0.5,1.0,1.0,1.0,1.0,1.0,1.0,1.0,0.6833333333333333,0.7833333333333333,0.0496296296296296,0.0,0.05555555555555547,0.22725925925925927,0.16666666666666663,0.2777777777777778
6,5,8,0.8571428571428571,0.9523809523809524,1.0,1.0,1.0,0.8571428571428571,0.9523809523809524,1.0,1.0,1.0,0.9999999999999998,1.0,1.0,1.0,1.0,0.8333333333333335,0.9523809523809524,0.021809523809523994,2.220446049250313e-16,0.07142857142857151,0.22109523809523818,0.1428571428571429,0.2857142857142858
6,6,7,0.8095238095238096,0.9285714285714288,1.0,1.0,1.0,0.8095238095238096,0.9285714285714288,1.0,1.0,1.0,1.0,1.0,1.0,1.0,1.0,0.7142857142857144,0.8571428571428573,0.03726984126984123,0.0,0.09523809523809512,0.2652698412698412,0.19047619047619035,0.38095238095238093
6,7,6,0.8666666666666666,0.942857142857143,1.0,0.6666666666666666,1.0,0.8666666666666666,0.942857142857143,1.0,0.6666666666666666,1.0,0.9999999999999999,1.0,1.0,1.0,1.0,0.6571428571428573,0.8285714285714287,0.049688888888888984,1.1102230246251565e-16,0.13333333333333341,0.23742222222222223,0.13333333333333341,0.4
6,8,5,0.39999999999999997,0.49999999999999994,0.5,1.0,1.0,0.39999999999999997,0.49999999999999994,0.5,1.0,1.0,0.9999999999999999,0.9999999999999999,1.0,1.0,1.0,0.19999999999999998,0.8999999999999998,0.05693333333333343,1.1102230246251565e-16,0.20000000000000007,0.24880000000000008,0.20000000000000007,0.4
6,9,4,0.6666666666666669,0.7999999999999999,1.0,1.0,1.0,0.6666666666666669,0.7999999999999999,1.0,1.0,1.0,1.0,1.0,1.0,1.0,1.0,0.7999999999999999,1.0,0.002222222222222221,0.0,0.0,0.17644444444444435,0.0,0.33333333333333315
6,10,3,1.0,1.0,1.0,1.0,1.0,1.0,1.0,1.0,1.0,1.0,1.0,1.0,1.0,1.0,1.0,1.0,1.0,0.0,0.0,0.0,0.029333333333333333,0.0,0.0
7,1,13,0.8205128205128204,0.9340659340659341,1.0,0.6666666666666666,0.8181818181818182,0.8205128205128204,0.9340659340659341,1.0,0.6666666666666666,0.8181818181818182,0.9999999999999998,1.0,1.0,1.0,1.0,0.7032967032967032,0.8406593406593407,0.10786324786324804,0.0769230769230771,0.12820512820512842,0.2004102564102566,0.15384615384615397,0.2564102564102566
7,2,11,0.7454545454545454,0.881818181818182,1.0,0.6666666666666666,0.8181818181818182,0.7454545454545454,0.881818181818182,1.0,0.6666666666666666,0.8181818181818182,1.0,1.0,1.0,1.0,1.0,0.7636363636363637,0.9090909090909091,0.10242424242424242,0.07272727272727264,0.1454545454545455,0.21781818181818183,0.1454545454545455,0.2909090909090909
7,3,9,0.8888888888888888,0.9500000000000001,1.0,0.6666666666666666,1.0,0.8888888888888888,0.9500000000000001,1.0,0.6666666666666666,1.0,1.0,1.0,1.0,1.0,1.0,0.7999999999999999,0.9333333333333332,0.04233333333333329,0.0,0.05555555555555547,0.1719259259259259,0.11111111111111116,0.2222222222222222
7,4,9,0.611111111111111,0.75,0.5,0.6666666666666666,1.0,0.611111111111111,0.75,0.5,0.6666666666666666,1.0,1.0,1.0,1.0,1.0,1.0,0.5166666666666667,0.9166666666666666,0.07174074074074072,0.05555555555555547,0.11111111111111116,0.19218518518518515,0.11111111111111116,0.2777777777777778
7,5,8,0.6428571428571428,0.8095238095238096,1.0,0.6666666666666666,1.0,0.6428571428571428,0.8095238095238096,1.0,0.6666666666666666,1.0,0.9999999999999998,1.0,1.0,1.0,1.0,0.7142857142857144,0.9523809523809524,0.07914285714285726,2.220446049250313e-16,0.1428571428571429,0.17900000000000008,0.07142857142857151,0.2142857142857144
7,6,7,0.8095238095238096,0.9285714285714288,1.0,0.6666666666666666,1.0,0.8095238095238096,0.9285714285714288,1.0,0.6666666666666666,1.0,1.0,1.0,1.0,1.0,1.0,0.642857142857143,0.8571428571428573,0.032698412698412664,0.0,0.09523809523809512,0.11771428571428563,0.09523809523809512,0.19047619047619035
7,7,6,0.3333333333333333,0.3714285714285715,0.5,0.6666666666666666,1.0,0.3333333333333333,0.3714285714285715,0.5,0.6666666666666666,1.0,0.9999999999999999,1.0,1.0,1.0,1.0,0.08571428571428573,0.8285714285714287,0.0751111111111112,1.1102230246251565e-16,0.13333333333333341,0.30515555555555557,0.13333333333333341,0.4
7,8,5,0.7999999999999999,0.8999999999999998,0.5,1.0,1.0,0.7999999999999999,0.8999999999999998,0.5,1.0,1.0,0.9999999999999999,0.9999999999999999,1.0,1.0,1.0,0.8999999999999998,0.9999999999999999,0.0032000000000001107,1.1102230246251565e-16,1.1102230246251565e-16,0.16853333333333342,1.1102230246251565e-16,0.20000000000000007
7,9,4,0.6666666666666669,0.7999999999999999,1.0,1.0,1.0,0.6666666666666669,0.7999999999999999,1.0,1.0,1.0,1.0,1.0,1.0,1.0,1.0,0.39999999999999997,0.7999999999999999,0.024666666666666653,0.0,0.0,0.16933333333333325,0.0,0.33333333333333315
7,10,3,0.33333333333333337,0.5,1.0,1.0,1.0,0.33333333333333337,0.5,1.0,1.0,1.0,1.0,1.0,1.0,1.0,1.0,0.5,1.0,0.030666666666666665,0.0,0.0,0.021333333333333333,0.0,0.0
8,1,13,0.846153846153846,0.9395604395604396,1.0,1.0,0.8181818181818182,0.846153846153846,0.9395604395604396,1.0,1.0,0.8181818181818182,0.9999999999999998,1.0,1.0,1.0,1.0,0.8516483516483516,0.945054945054945,0.06295726495726515,0.025641025641025772,0.0769230769230771,0.13447863247863265,0.10256410256410275,0.17948717948717963
8,2,13,0.7435897435897434,0.8626373626373626,1.0,1.0,0.6666666666666666,0.7435897435897434,0.8626373626373626,1.0,1.0,0.6666666666666666,0.9999999999999998,1.0,1.0,1.0,1.0,0.6978021978021978,0.9175824175824175,0.07601709401709421,0.051282051282051544,0.10256410256410275,0.22117948717948732,0.15384615384615397,0.28205128205128216
8,3,12,0.909090909090909,0.9790209790209792,1.0,1.0,1.0,0.909090909090909,0.9790209790209792,1.0,1.0,1.0,0.9999999999999998,1.0,1.0,1.0,1.0,0.7272727272727274,0.7902097902097903,0.06860606060606074,0.030303030303030387,0.09090909090909105,0.11133333333333345,0.060606060606060774,0.1515151515151516
8,4,11,0.9636363636363636,0.990909090909091,1.0,1.0,1.0,0.9636363636363636,0.990909090909091,1.0,1.0,1.0,1.0,1.0,1.0,1.0,1.0,0.6818181818181819,0.7000000000000001,0.08065454545454545,0.036363636363636376,0.10909090909090913,0.12048484848484846,0.07272727272727264,0.1454545454545455
8,5,9,0.6666666666666666,0.8499999999999999,0.5,1.0,1.0,0.6666666666666666,0.8499999999999999,0.5,1.0,1.0,1.0,1.0,1.0,1.0,1.0,0.75,0.9500000000000001,0.06814814814814811,0.05555555555555547,0.11111111111111116,0.15514814814814815,0.11111111111111116,0.2222222222222222
8,6,8,0.6428571428571428,0.7857142857142858,0.5,1.0,1.0,0.6428571428571428,0.7857142857142858,0.5,1.0,1.0,0.9999999999999998,1.0,1.0,1.0,1.0,0.5952380952380953,0.8095238095238096,0.16947619047619059,0.07142857142857151,0.2142857142857144,0.12304761904761916,0.07142857142857151,0.1428571428571429
8,7,7,0.8095238095238096,0.9285714285714288,1.0,1.0,1.0,0.8095238095238096,0.9285714285714288,1.0,1.0,1.0,1.0,1.0,1.0,1.0,1.0,0.8214285714285715,0.8928571428571429,0.05898412698412693,0.0,0.09523809523809512,0.19625396825396815,0.09523809523809512,0.2857142857142857
8,8,6,0.3333333333333333,0.4285714285714286,0.5,0.6666666666666666,1.0,0.3333333333333333,0.4285714285714286,0.5,0.6666666666666666,1.0,0.9999999999999999,1.0,1.0,1.0,1.0,0.3142857142857143,0.942857142857143,0.20977777777777784,0.13333333333333341,0.4,0.26924444444444445,0.13333333333333341,0.4
8,9,5,0.19999999999999998,0.49999999999999994,1.0,1.0,1.0,0.19999999999999998,0.49999999999999994,1.0,1.0,1.0,0.9999999999999999,0.9999999999999999,1.0,1.0,1.0,0.09999999999999999,0.8999999999999998,0.10053333333333342,1.1102230246251565e-16,0.20000000000000007,0.14626666666666674,1.1102230246251565e-16,0.20000000000000007
8,10,4,0.6666666666666669,0.7999999999999999,1.0,1.0,1.0,0.6666666666666669,0.7999999999999999,1.0,1.0,1.0,1.0,1.0,1.0,1.0,1.0,0.6000000000000001,0.7999999999999999,0.05977777777777774,0.0,0.0,0.11466666666666663,0.0,0.33333333333333315
8,11,3,1.0,1.0,1.0,1.0,1.0,1.0,1.0,1.0,1.0,1.0,1.0,1.0,1.0,1.0,1.0,1.0,1.0,0.0,0.0,0.0,0.02622222222222222,0.0,0.0
9,1,16,0.8499999999999999,0.95,0.5,1.0,1.0,0.8499999999999999,0.95,0.5,1.0,1.0,1.0,1.0,1.0,1.0,1.0,0.6529411764705881,0.8176470588235294,0.14501111111111115,0.1166666666666667,0.18333333333333335,0.26924444444444445,0.21666666666666667,0.31666666666666665
9,2,14,0.45054945054945056,0.6,1.0,0.42857142857142855,0.5384615384615384,0.45054945054945056,0.6,1.0,0.42857142857142855,0.5384615384615384,1.0,1.0,1.0,1.0,1.0,0.3230769230769231,0.9120879120879121,0.1477509157509157,0.10989010989010983,0.17582417582417575,0.3487765567765568,0.2637362637362637,0.41758241758241754
9,3,13,0.846153846153846,0.9505494505494506,1.0,0.6666666666666666,1.0,0.846153846153846,0.9505494505494506,1.0,0.6666666666666666,1.0,0.9999999999999998,1.0,1.0,1.0,1.0,0.37912087912087916,0.5714285714285714,0.12957264957264975,0.10256410256410275,0.15384615384615397,0.3264786324786326,0.2564102564102566,0.3846153846153847
9,4,11,0.7454545454545454,0.9,1.0,1.0,0.8181818181818182,0.7454545454545454,0.9,1.0,1.0,0.8181818181818182,1.0,1.0,1.0,1.0,1.0,0.27272727272727276,0.5363636363636364,0.12746666666666667,0.07272727272727264,0.18181818181818177,0.21866666666666668,0.1454545454545455,0.2909090909090909
9,5,10,0.7333333333333333,0.8787878787878788,0.5,0.6666666666666666,1.0,0.7333333333333333,0.8787878787878788,0.5,0.6666666666666666,1.0,0.9999999999999999,0.9999999999999999,1.0,1.0,1.0,0.6121212121212121,0.8303030303030302,0.04782222222222236,1.1102230246251565e-16,0.08888888888888902,0.3047407407407408,0.22222222222222232,0.4
9,6,9,0.7222222222222222,0.8499999999999999,0.5,1.0,1.0,0.7222222222222222,0.8499999999999999,0.5,1.0,1.0,1.0,1.0,1.0,1.0,1.0,0.38333333333333336,0.7,0.07448148148148147,0.05555555555555547,0.11111111111111116,0.2048518518518518,0.11111111111111116,0.2777777777777778
9,7,7,0.6190476190476191,0.7500000000000002,0.5,1.0,1.0,0.6190476190476191,0.7500000000000002,0.5,1.0,1.0,1.0,1.0,1.0,1.0,1.0,0.28571428571428575,0.7500000000000002,0.04749206349206344,0.0,0.09523809523809512,0.2833015873015872,0.19047619047619035,0.38095238095238093
9,8,5,0.19999999999999998,0.3,0.5,1.0,1.0,0.19999999999999998,0.3,0.5,1.0,1.0,0.9999999999999999,0.9999999999999999,1.0,1.0,1.0,0.3,0.9999999999999999,0.08480000000000008,1.1102230246251565e-16,0.20000000000000007,0.2177333333333334,1.1102230246251565e-16,0.4
9,9,4,-0.3333333333333334,-0.39999999999999997,0.5,1.0,1.0,-0.3333333333333334,-0.39999999999999997,0.5,1.0,1.0,1.0,1.0,1.0,1.0,1.0,-0.39999999999999997,1.0,0.0442222222222222,0.0,0.0,0.2268888888888888,0.0,0.33333333333333315
9,10,3,1.0,1.0,1.0,1.0,1.0,1.0,1.0,1.0,1.0,1.0,1.0,1.0,1.0,1.0,1.0,1.0,1.0,0.0,0.0,0.0,0.02711111111111111,0.0,0.0
10,1,11,0.9272727272727274,0.9818181818181818,1.0,1.0,1.0,0.9272727272727274,0.9818181818181818,1.0,1.0,1.0,1.0,1.0,1.0,1.0,1.0,0.9454545454545454,0.9818181818181818,0.05146666666666665,0.036363636363636376,0.07272727272727264,0.1162181818181818,0.07272727272727264,0.1454545454545455
10,2,11,0.8909090909090909,0.9636363636363637,1.0,1.0,1.0,0.8909090909090909,0.9636363636363637,1.0,1.0,1.0,1.0,1.0,1.0,1.0,1.0,0.9,0.9363636363636365,0.056533333333333324,0.036363636363636376,0.07272727272727264,0.12208484848484848,0.07272727272727264,0.1454545454545455
10,3,10,0.8222222222222221,0.9151515151515152,1.0,0.6666666666666666,1.0,0.8222222222222221,0.9151515151515152,1.0,0.6666666666666666,1.0,0.9999999999999999,0.9999999999999999,1.0,1.0,1.0,0.8787878787878788,0.9636363636363635,0.058785185185185315,0.04444444444444462,0.08888888888888902,0.1553777777777779,0.08888888888888902,0.22222222222222232
10,4,9,0.8333333333333334,0.9500000000000001,1.0,1.0,1.0,0.8333333333333334,0.9500000000000001,1.0,1.0,1.0,1.0,1.0,1.0,1.0,1.0,0.7833333333333333,0.8833333333333333,0.08722222222222219,0.05555555555555547,0.11111111111111116,0.14770370370370367,0.11111111111111116,0.2222222222222222
10,5,8,0.8571428571428571,0.9523809523809524,0.5,1.0,1.0,0.8571428571428571,0.9523809523809524,0.5,1.0,1.0,0.9999999999999998,1.0,1.0,1.0,1.0,0.6666666666666669,0.7857142857142858,0.04619047619047634,2.220446049250313e-16,0.07142857142857151,0.16028571428571436,0.07142857142857151,0.2142857142857144
10,6,7,0.8095238095238096,0.8928571428571429,0.5,1.0,1.0,0.8095238095238096,0.8928571428571429,0.5,1.0,1.0,1.0,1.0,1.0,1.0,1.0,0.7500000000000002,0.8928571428571429,0.04380952380952376,0.0,0.09523809523809512,0.16203174603174594,0.09523809523809512,0.19047619047619035
10,7,6,0.7333333333333333,0.8857142857142858,0.5,0.6666666666666666,1.0,0.7333333333333333,0.8857142857142858,0.5,0.6666666666666666,1.0,0.9999999999999999,1.0,1.0,1.0,1.0,0.7142857142857143,0.942857142857143,0.0647111111111112,1.1102230246251565e-16,0.13333333333333341,0.2266666666666667,0.13333333333333341,0.2666666666666667
10,8,5,0.7999999999999999,0.8999999999999998,1.0,1.0,1.0,0.7999999999999999,0.8999999999999998,1.0,1.0,1.0,0.9999999999999999,0.9999999999999999,1.0,1.0,1.0,0.7,0.8999999999999998,0.06293333333333344,1.1102230246251565e-16,0.20000000000000007,0.09253333333333341,1.1102230246251565e-16,0.20000000000000007
10,9,4,0.6666666666666669,0.7999999999999999,1.0,1.0,1.0,0.6666666666666669,0.7999999999999999,1.0,1.0,1.0,1.0,1.0,1.0,1.0,1.0,0.6000000000000001,0.7999999999999999,0.11199999999999992,0.0,0.33333333333333315,0.10466666666666662,0.0,0.33333333333333315
10,10,3,0.33333333333333337,0.5,1.0,1.0,1.0,0.33333333333333337,0.5,1.0,1.0,1.0,1.0,1.0,1.0,1.0,1.0,0.5,1.0,0.016888888888888887,0.0,0.0,0.021777777777777778,0.0,0.0
11,1,12,0.7878787878787877,0.9160839160839163,0.5,1.0,0.8181818181818182,0.7878787878787877,0.9160839160839163,0.5,1.0,0.8181818181818182,0.9999999999999998,1.0,1.0,1.0,1.0,0.6153846153846154,0.8251748251748254,0.13012121212121225,0.09090909090909105,0.18181818181818188,0.27614141414141424,0.21212121212121227,0.33333333333333337
11,2,11,0.7454545454545454,0.8727272727272729,0.5,0.6666666666666666,1.0,0.7454545454545454,0.8727272727272729,0.5,0.6666666666666666,1.0,1.0,1.0,1.0,1.0,1.0,0.5636363636363637,0.8727272727272729,0.09015757575757574,0.036363636363636376,0.10909090909090913,0.2857454545454545,0.21818181818181814,0.36363636363636365
11,3,10,0.5555555555555555,0.709090909090909,0.2,0.6666666666666666,1.0,0.5555555555555555,0.709090909090909,0.2,0.6666666666666666,1.0,0.9999999999999999,0.9999999999999999,1.0,1.0,1.0,0.34545454545454546,0.8545454545454544,0.13250370370370385,0.08888888888888902,0.17777777777777792,0.3379851851851852,0.22222222222222232,0.44444444444444453
11,4,9,0.7222222222222222,0.8166666666666667,1.0,0.42857142857142855,1.0,0.7222222222222222,0.8166666666666667,1.0,0.42857142857142855,1.0,1.0,1.0,1.0,1.0,1.0,0.31666666666666665,0.7333333333333334,0.07414814814814812,0.05555555555555547,0.11111111111111116,0.2612222222222222,0.16666666666666663,0.33333333333333337
11,5,8,0.7142857142857142,0.8571428571428572,1.0,0.6666666666666666,1.0,0.7142857142857142,0.8571428571428572,1.0,0.6666666666666666,1.0,0.9999999999999998,1.0,1.0,1.0,1.0,0.38095238095238104,0.7619047619047621,0.10576190476190485,0.07142857142857151,0.1428571428571429,0.2501904761904763,0.1428571428571429,0.3571428571428572
11,6,7,0.04761904761904762,0.07142857142857144,0.2,0.6666666666666666,1.0,0.04761904761904762,0.07142857142857144,0.2,0.6666666666666666,1.0,1.0,1.0,1.0,1.0,1.0,-0.7857142857142859,0.5,0.1043809523809523,0.0,0.19047619047619035,0.31784126984126976,0.19047619047619035,0.40476190476190477
11,7,6,0.06666666666666665,0.08571428571428573,0.5,0.6666666666666666,1.0,0.06666666666666665,0.08571428571428573,0.5,0.6666666666666666,1.0,0.9999999999999999,1.0,1.0,1.0,1.0,-0.2,0.8285714285714287,0.0935111111111112,1.1102230246251565e-16,0.13333333333333341,0.3791111111111112,0.2666666666666667,0.5333333333333334
11,8,5,0.39999999999999997,0.6,1.0,1.0,1.0,0.39999999999999997,0.6,1.0,1.0,1.0,0.9999999999999999,0.9999999999999999,1.0,1.0,1.0,-0.3,0.49999999999999994,0.08333333333333343,1.1102230246251565e-16,0.20000000000000007,0.23546666666666674,1.1102230246251565e-16,0.4
11,9,4,0.6666666666666669,0.7999999999999999,0.5,1.0,1.0,0.6666666666666669,0.7999999999999999,0.5,1.0,1.0,1.0,1.0,1.0,1.0,1.0,0.7999999999999999,1.0,0.0006666666666666663,0.0,0.0,0.16911111111111105,0.0,0.33333333333333315
11,10,3,1.0,1.0,1.0,1.0,1.0,1.0,1.0,1.0,1.0,1.0,1.0,1.0,1.0,1.0,1.0,1.0,1.0,0.0,0.0,0.0,0.05822222222222223,0.0,0.0
12,1,11,0.9636363636363636,0.990909090909091,1.0,0.6666666666666666,1.0,0.9636363636363636,0.990909090909091,1.0,0.6666666666666666,1.0,1.0,1.0,1.0,1.0,1.0,0.990909090909091,1.0,0.046787878787878774,0.036363636363636376,0.07272727272727264,0.11374545454545455,0.07272727272727264,0.1454545454545455
12,2,11,0.8545454545454545,0.9545454545454546,1.0,1.0,0.8181818181818182,0.8545454545454545,0.9545454545454546,1.0,1.0,0.8181818181818182,1.0,1.0,1.0,1.0,1.0,0.9,0.9545454545454546,0.08077575757575756,0.036363636363636376,0.10909090909090913,0.14235151515151515,0.10909090909090913,0.18181818181818177
12,3,10,0.7333333333333333,0.8787878787878788,0.5,0.6666666666666666,1.0,0.7333333333333333,0.8787878787878788,0.5,0.6666666666666666,1.0,0.9999999999999999,0.9999999999999999,1.0,1.0,1.0,0.6969696969696969,0.9030303030303028,0.1261629629629631,0.08888888888888902,0.17777777777777792,0.19324444444444452,0.13333333333333341,0.2666666666666667
12,4,9,0.7777777777777778,0.9166666666666666,0.5,0.6666666666666666,1.0,0.7777777777777778,0.9166666666666666,0.5,0.6666666666666666,1.0,1.0,1.0,1.0,1.0,1.0,0.75,0.9,0.13207407407407404,0.05555555555555547,0.16666666666666663,0.18085185185185182,0.11111111111111116,0.2222222222222222
12,5,8,0.6428571428571428,0.7857142857142858,0.5,0.6666666666666666,1.0,0.6428571428571428,0.7857142857142858,0.5,0.6666666666666666,1.0,0.9999999999999998,1.0,1.0,1.0,1.0,0.6666666666666669,0.9523809523809524,0.08804761904761915,0.07142857142857151,0.1428571428571429,0.20200000000000007,0.1428571428571429,0.2857142857142858
12,6,7,0.5238095238095238,0.6071428571428572,0.2,1.0,1.0,0.5238095238095238,0.6071428571428572,0.2,1.0,1.0,1.0,1.0,1.0,1.0,1.0,0.6071428571428572,1.0,0.11123809523809516,0.0,0.19047619047619035,0.20399999999999988,0.09523809523809512,0.2857142857142857
12,7,6,0.7333333333333333,0.8857142857142858,0.5,0.6666666666666666,1.0,0.7333333333333333,0.8857142857142858,0.5,0.6666666666666666,1.0,0.9999999999999999,1.0,1.0,1.0,1.0,0.7714285714285715,0.942857142857143,0.04062222222222232,1.1102230246251565e-16,0.13333333333333341,0.2218666666666667,0.13333333333333341,0.2666666666666667
12,8,5,0.39999999999999997,0.49999999999999994,0.5,1.0,1.0,0.39999999999999997,0.49999999999999994,0.5,1.0,1.0,0.9999999999999999,0.9999999999999999,1.0,1.0,1.0,0.49999999999999994,0.9999999999999999,0.1201333333333334,1.1102230246251565e-16,0.20000000000000007,0.20720000000000005,1.1102230246251565e-16,0.4
12,9,4,1.0,1.0,1.0,1.0,1.0,1.0,1.0,1.0,1.0,1.0,1.0,1.0,1.0,1.0,1.0,0.39999999999999997,0.39999999999999997,0.09911111111111105,0.0,0.33333333333333315,0.22244444444444433,0.0,0.33333333333333315
12,10,3,0.33333333333333337,0.5,1.0,1.0,1.0,0.33333333333333337,0.5,1.0,1.0,1.0,1.0,1.0,1.0,1.0,1.0,0.5,1.0,0.23022222222222216,0.0,0.6666666666666666,0.020444444444444442,0.0,0.0
13,1,12,0.6666666666666666,0.7972027972027973,0.5,0.6666666666666666,1.0,0.6666666666666666,0.7972027972027973,0.5,0.6666666666666666,1.0,0.9999999999999998,1.0,1.0,1.0,1.0,0.3706293706293707,0.7552447552447553,0.12165656565656578,0.060606060606060774,0.1515151515151516,0.3326666666666668,0.24242424242424254,0.39393939393939403
13,2,11,0.2,0.29090909090909095,0.2,0.42857142857142855,0.8181818181818182,0.2,0.29090909090909095,0.2,0.42857142857142855,0.8181818181818182,1.0,1.0,1.0,1.0,1.0,-0.1272727272727273,0.8181818181818182,0.12118787878787879,0.07272727272727264,0.1454545454545455,0.39241212121212116,0.2909090909090909,0.4727272727272728
13,3,10,0.4666666666666666,0.6363636363636362,0.5,0.6666666666666666,1.0,0.4666666666666666,0.6363636363636362,0.5,0.6666666666666666,1.0,0.9999999999999999,0.9999999999999999,1.0,1.0,1.0,-0.18787878787878787,0.43030303030303024,0.10011851851851865,0.04444444444444462,0.13333333333333341,0.4130370370370371,0.3111111111111112,0.5333333333333334
13,4,9,0.7777777777777778,0.9166666666666666,1.0,0.6666666666666666,1.0,0.7777777777777778,0.9166666666666666,1.0,0.6666666666666666,1.0,1.0,1.0,1.0,1.0,1.0,0.33333333333333337,0.5499999999999999,0.05703703703703701,0.0,0.11111111111111116,0.285,0.16666666666666663,0.38888888888888895
13,5,8,0.7142857142857142,0.8095238095238096,0.5,0.6666666666666666,1.0,0.7142857142857142,0.8095238095238096,0.5,0.6666666666666666,1.0,0.9999999999999998,1.0,1.0,1.0,1.0,0.261904761904762,0.7142857142857144,0.04861904761904776,2.220446049250313e-16,0.07142857142857151,0.3145714285714286,0.2142857142857144,0.4285714285714286
13,6,7,0.8095238095238096,0.8928571428571429,1.0,0.6666666666666666,1.0,0.8095238095238096,0.8928571428571429,1.0,0.6666666666666666,1.0,1.0,1.0,1.0,1.0,1.0,0.1785714285714286,0.4642857142857144,0.037079365079365045,0.0,0.09523809523809512,0.20584126984126977,0.09523809523809512,0.2857142857142857
13,7,6,0.3333333333333333,0.5428571428571429,0.5,0.6666666666666666,1.0,0.3333333333333333,0.5428571428571429,0.5,0.6666666666666666,1.0,0.9999999999999999,1.0,1.0,1.0,1.0,0.14285714285714288,0.8857142857142858,0.10275555555555563,1.1102230246251565e-16,0.13333333333333341,0.2732444444444445,0.13333333333333341,0.4
13,8,5,0.7999999999999999,0.8999999999999998,0.5,1.0,1.0,0.7999999999999999,0.8999999999999998,0.5,1.0,1.0,0.9999999999999999,0.9999999999999999,1.0,1.0,1.0,0.49999999999999994,0.7999999999999999,0.008266666666666776,1.1102230246251565e-16,1.1102230246251565e-16,0.20400000000000007,1.1102230246251565e-16,0.4
13,9,4,0.0,0.19999999999999998,1.0,1.0,1.0,0.0,0.19999999999999998,1.0,1.0,1.0,1.0,1.0,1.0,1.0,1.0,-0.39999999999999997,0.7999999999999999,0.1477777777777777,0.0,0.33333333333333315,0.1304444444444444,0.0,0.33333333333333315
13,10,3,0.33333333333333337,0.5,1.0,1.0,1.0,0.33333333333333337,0.5,1.0,1.0,1.0,1.0,1.0,1.0,1.0,1.0,0.5,1.0,0.112,0.0,0.0,0.02577777777777777,0.0,0.0
14,1,12,0.8181818181818181,0.9370629370629372,1.0,1.0,0.8181818181818182,0.8181818181818181,0.9370629370629372,1.0,1.0,0.8181818181818182,0.9999999999999998,1.0,1.0,1.0,1.0,0.8251748251748254,0.9440559440559443,0.07765656565656578,0.030303030303030387,0.12121212121212133,0.2624242424242425,0.18181818181818188,0.33333333333333337
14,2,12,0.7878787878787877,0.9300699300699302,1.0,0.6666666666666666,1.0,0.7878787878787877,0.9300699300699302,1.0,0.6666666666666666,1.0,0.9999999999999998,1.0,1.0,1.0,1.0,0.8181818181818183,0.965034965034965,0.09632323232323245,0.060606060606060774,0.12121212121212133,0.2333939393939395,0.18181818181818188,0.3030303030303031
14,3,11,0.7454545454545454,0.9,0.5,0.6666666666666666,0.8181818181818182,0.7454545454545454,0.9,0.5,0.6666666666666666,0.8181818181818182,1.0,1.0,1.0,1.0,1.0,0.8363636363636365,0.9727272727272729,0.07648484848484847,0.036363636363636376,0.10909090909090913,0.31929696969696975,0.21818181818181814,0.3999999999999999
14,4,10,0.5555555555555555,0.709090909090909,0.5,0.6666666666666666,1.0,0.5555555555555555,0.709090909090909,0.5,0.6666666666666666,1.0,0.9999999999999999,0.9999999999999999,1.0,1.0,1.0,0.38181818181818183,0.8787878787878788,0.12885925925925937,0.08888888888888902,0.17777777777777792,0.32402962962962967,0.22222222222222232,0.4
14,5,9,1.0,1.0,1.0,1.0,1.0,1.0,1.0,1.0,1.0,1.0,1.0,1.0,1.0,1.0,1.0,0.8166666666666667,0.8166666666666667,0.03622222222222219,0.0,0.05555555555555547,0.22133333333333333,0.11111111111111116,0.2777777777777778
14,6,8,0.7857142857142856,0.9047619047619048,0.5,0.6666666666666666,1.0,0.7857142857142856,0.9047619047619048,0.5,0.6666666666666666,1.0,0.9999999999999998,1.0,1.0,1.0,1.0,0.4523809523809524,0.7380952380952381,0.05114285714285728,2.220446049250313e-16,0.07142857142857151,0.2094761904761906,0.1428571428571429,0.2857142857142858
14,7,7,0.7142857142857143,0.8571428571428573,1.0,1.0,1.0,0.7142857142857143,0.8571428571428573,1.0,1.0,1.0,1.0,1.0,1.0,1.0,1.0,0.6785714285714287,0.9285714285714288,0.052380952380952334,0.0,0.09523809523809512,0.30095238095238086,0.19047619047619035,0.38095238095238093
14,8,6,0.3333333333333333,0.3714285714285715,0.5,1.0,1.0,0.3333333333333333,0.3714285714285715,0.5,1.0,1.0,0.9999999999999999,1.0,1.0,1.0,1.0,0.14285714285714288,0.942857142857143,0.06408888888888899,1.1102230246251565e-16,0.13333333333333341,0.2832,0.13333333333333341,0.4
14,9,4,-0.6666666666666669,-0.7999999999999999,0.5,1.0,1.0,-0.6666666666666669,-0.7999999999999999,0.5,1.0,1.0,1.0,1.0,1.0,1.0,1.0,-0.7999999999999999,1.0,0.00955555555555555,0.0,0.0,0.24777777777777768,0.0,0.33333333333333315
14,10,3,0.33333333333333337,0.5,1.0,1.0,1.0,0.33333333333333337,0.5,1.0,1.0,1.0,1.0,1.0,1.0,1.0,1.0,0.5,1.0,0.0,0.0,0.0,0.05333333333333334,0.0,0.0
15,1,13,0.5897435897435896,0.7802197802197801,0.2,0.42857142857142855,0.8181818181818182,0.5897435897435896,0.7802197802197801,0.2,0.42857142857142855,0.8181818181818182,0.9999999999999998,1.0,1.0,1.0,1.0,0.5439560439560439,0.9230769230769231,0.1331282051282053,0.10256410256410275,0.17948717948717963,0.3365470085470087,0.2564102564102566,0.41025641025641035
15,2,12,0.5454545454545454,0.7622377622377624,0.5,0.6666666666666666,1.0,0.5454545454545454,0.7622377622377624,0.5,0.6666666666666666,1.0,0.9999999999999998,1.0,1.0,1.0,1.0,0.2797202797202798,0.7902097902097903,0.1456565656565658,0.09090909090909105,0.18181818181818188,0.35507070707070715,0.2727272727272728,0.4242424242424243
15,3,11,0.6363636363636364,0.790909090909091,1.0,0.6666666666666666,0.8181818181818182,0.6363636363636364,0.790909090909091,1.0,0.6666666666666666,0.8181818181818182,1.0,1.0,1.0,1.0,1.0,0.5818181818181819,0.9454545454545454,0.09970909090909091,0.07272727272727264,0.1454545454545455,0.3380363636363637,0.25454545454545463,0.4363636363636364
15,4,9,0.6666666666666666,0.8499999999999999,0.5,1.0,1.0,0.6666666666666666,0.8499999999999999,0.5,1.0,1.0,1.0,1.0,1.0,1.0,1.0,0.41666666666666663,0.7666666666666667,0.10196296296296295,0.05555555555555547,0.16666666666666663,0.3111111111111111,0.2222222222222222,0.38888888888888895
15,5,8,0.07142857142857142,0.04761904761904763,0.2,0.6666666666666666,1.0,0.07142857142857142,0.04761904761904763,0.2,0.6666666666666666,1.0,0.9999999999999998,1.0,1.0,1.0,1.0,-0.261904761904762,0.880952380952381,0.0992857142857144,0.07142857142857151,0.1428571428571429,0.423952380952381,0.2857142857142858,0.5714285714285714
15,6,8,0.21428571428571427,0.3571428571428572,0.5,0.42857142857142855,1.0,0.21428571428571427,0.3571428571428572,0.5,0.42857142857142855,1.0,0.9999999999999998,1.0,1.0,1.0,1.0,0.04761904761904763,0.9285714285714287,0.07414285714285725,2.220446049250313e-16,0.1428571428571429,0.3380000000000001,0.2142857142857144,0.4285714285714286
15,7,7,0.9047619047619049,0.9642857142857145,1.0,0.6666666666666666,1.0,0.9047619047619049,0.9642857142857145,1.0,0.6666666666666666,1.0,1.0,1.0,1.0,1.0,1.0,0.9642857142857145,1.0,0.007365079365079356,0.0,0.0,0.13695238095238088,0.09523809523809512,0.19047619047619035
15,8,7,0.14285714285714288,0.3214285714285715,0.2,0.6666666666666666,1.0,0.14285714285714288,0.3214285714285715,0.2,0.6666666666666666,1.0,1.0,1.0,1.0,1.0,1.0,0.1785714285714286,0.9642857142857145,0.022222222222222195,0.0,0.0,0.23028571428571423,0.09523809523809512,0.2857142857142857
15,9,5,0.6,0.7999999999999999,0.5,1.0,1.0,0.6,0.7999999999999999,0.5,1.0,1.0,0.9999999999999999,0.9999999999999999,1.0,1.0,1.0,0.6,0.8999999999999998,0.05653333333333343,1.1102230246251565e-16,0.20000000000000007,0.20880000000000007,1.1102230246251565e-16,0.4
15,10,3,0.33333333333333337,0.5,1.0,1.0,1.0,0.33333333333333337,0.5,1.0,1.0,1.0,1.0,1.0,1.0,1.0,1.0,0.5,1.0,0.0004444444444444444,0.0,0.0,0.07822222222222222,0.0,0.0
16,1,12,0.8787878787878787,0.965034965034965,1.0,1.0,1.0,0.8787878787878787,0.965034965034965,1.0,1.0,1.0,0.9999999999999998,1.0,1.0,1.0,1.0,0.9160839160839163,0.9790209790209792,0.05903030303030316,0.030303030303030387,0.09090909090909105,0.09589898989899003,0.060606060606060774,0.12121212121212133
16,2,12,0.9393939393939392,0.9860139860139862,1.0,1.0,1.0,0.9393939393939392,0.9860139860139862,1.0,1.0,1.0,0.9999999999999998,1.0,1.0,1.0,1.0,0.9580419580419581,0.9790209790209792,0.060404040404040536,0.030303030303030387,0.09090909090909105,0.08587878787878801,0.060606060606060774,0.12121212121212133
16,3,11,0.8909090909090909,0.9727272727272729,1.0,1.0,0.8181818181818182,0.8909090909090909,0.9727272727272729,1.0,1.0,0.8181818181818182,1.0,1.0,1.0,1.0,1.0,0.9363636363636365,0.9818181818181818,0.040727272727272716,0.0,0.07272727272727264,0.09238787878787878,0.07272727272727264,0.10909090909090913
16,4,10,0.8222222222222221,0.9393939393939393,1.0,1.0,1.0,0.8222222222222221,0.9393939393939393,1.0,1.0,1.0,0.9999999999999999,0.9999999999999999,1.0,1.0,1.0,0.9272727272727272,0.9878787878787878,0.04053333333333348,1.1102230246251565e-16,0.04444444444444462,0.09315555555555569,0.04444444444444462,0.13333333333333341
16,5,9,1.0,1.0,1.0,1.0,1.0,1.0,1.0,1.0,1.0,1.0,1.0,1.0,1.0,1.0,1.0,0.9500000000000001,0.9500000000000001,0.05044444444444442,0.0,0.05555555555555547,0.11007407407407406,0.05555555555555547,0.16666666666666663
16,6,8,0.8571428571428571,0.9285714285714287,1.0,0.6666666666666666,1.0,0.8571428571428571,0.9285714285714287,1.0,0.6666666666666666,1.0,0.9999999999999998,1.0,1.0,1.0,1.0,0.8571428571428572,0.9761904761904763,0.0371428571428573,2.220446049250313e-16,0.07142857142857151,0.15523809523809534,0.07142857142857151,0.2142857142857144
16,7,7,0.9047619047619049,0.9642857142857145,1.0,1.0,1.0,0.9047619047619049,0.9642857142857145,1.0,1.0,1.0,1.0,1.0,1.0,1.0,1.0,0.9285714285714288,0.9642857142857145,0.054031746031745966,0.0,0.09523809523809512,0.10044444444444438,0.0,0.19047619047619035
16,8,6,0.7333333333333333,0.8857142857142858,0.5,1.0,1.0,0.7333333333333333,0.8857142857142858,0.5,1.0,1.0,0.9999999999999999,1.0,1.0,1.0,1.0,0.7714285714285715,0.942857142857143,0.01813333333333344,1.1102230246251565e-16,1.1102230246251565e-16,0.14248888888888894,1.1102230246251565e-16,0.2666666666666667
16,9,5,0.39999999999999997,0.6,0.5,1.0,1.0,0.39999999999999997,0.6,0.5,1.0,1.0,0.9999999999999999,0.9999999999999999,1.0,1.0,1.0,0.3,0.8999999999999998,0.06493333333333343,1.1102230246251565e-16,0.20000000000000007,0.10946666666666674,1.1102230246251565e-16,0.20000000000000007
16,10,4,0.6666666666666669,0.7999999999999999,0.5,1.0,1.0,0.6666666666666669,0.7999999999999999,0.5,1.0,1.0,1.0,1.0,1.0,1.0,1.0,0.7999999999999999,1.0,0.011333333333333329,0.0,0.0,0.07333333333333329,0.0,0.0
17,1,12,0.9696969696969696,0.9930069930069931,1.0,1.0,1.0,0.9696969696969696,0.9930069930069931,1.0,1.0,1.0,0.9999999999999998,1.0,1.0,1.0,1.0,0.9790209790209792,0.9860139860139862,0.06074747474747488,0.030303030303030387,0.09090909090909105,0.17862626262626274,0.12121212121212133,0.24242424242424254
17,2,12,0.8181818181818181,0.9370629370629372,1.0,0.6666666666666666,1.0,0.8181818181818181,0.9370629370629372,1.0,0.6666666666666666,1.0,0.9999999999999998,1.0,1.0,1.0,1.0,0.8181818181818183,0.9510489510489512,0.06030303030303044,0.030303030303030387,0.09090909090909105,0.18646464646464658,0.12121212121212133,0.24242424242424254
17,3,11,0.6727272727272727,0.8363636363636365,0.5,0.6666666666666666,1.0,0.6727272727272727,0.8363636363636365,0.5,0.6666666666666666,1.0,1.0,1.0,1.0,1.0,1.0,0.6363636363636364,0.9363636363636365,0.08482424242424241,0.036363636363636376,0.10909090909090913,0.21309090909090908,0.1454545454545455,0.25454545454545463
17,4,10,0.6888888888888888,0.8303030303030302,1.0,0.6666666666666666,1.0,0.6888888888888888,0.8303030303030302,1.0,0.6666666666666666,1.0,0.9999999999999999,0.9999999999999999,1.0,1.0,1.0,0.7454545454545454,0.9757575757575757,0.06263703703703717,0.04444444444444462,0.08888888888888902,0.1864000000000001,0.13333333333333341,0.22222222222222232
17,5,9,0.3333333333333333,0.5,0.5,0.6666666666666666,1.0,0.3333333333333333,0.5,0.5,0.6666666666666666,1.0,1.0,1.0,1.0,1.0,1.0,0.16666666666666669,0.8499999999999999,0.08603703703703701,0.05555555555555547,0.11111111111111116,0.28588888888888886,0.16666666666666663,0.38888888888888895
17,6,8,0.7857142857142856,0.9047619047619048,1.0,0.6666666666666666,1.0,0.7857142857142856,0.9047619047619048,1.0,0.6666666666666666,1.0,0.9999999999999998,1.0,1.0,1.0,1.0,0.4047619047619048,0.6428571428571429,0.03580952380952397,2.220446049250313e-16,0.07142857142857151,0.2971904761904762,0.2142857142857144,0.3571428571428572
17,7,8,0.5714285714285714,0.6428571428571429,0.5,0.6666666666666666,1.0,0.5714285714285714,0.6428571428571429,0.5,0.6666666666666666,1.0,0.9999999999999998,1.0,1.0,1.0,1.0,0.3571428571428572,0.7857142857142858,0.036809523809523965,2.220446049250313e-16,0.07142857142857151,0.33847619047619054,0.2142857142857144,0.4285714285714286
17,8,7,0.7142857142857143,0.8571428571428573,1.0,0.6666666666666666,1.0,0.7142857142857143,0.8571428571428573,1.0,0.6666666666666666,1.0,1.0,1.0,1.0,1.0,1.0,0.39285714285714296,0.7500000000000002,0.05726984126984121,0.0,0.09523809523809512,0.1975238095238094,0.09523809523809512,0.2857142857142857
17,9,6,0.3333333333333333,0.3142857142857143,0.5,0.6666666666666666,1.0,0.3333333333333333,0.3142857142857143,0.5,0.6666666666666666,1.0,0.9999999999999999,1.0,1.0,1.0,1.0,-0.14285714285714288,0.6571428571428573,0.10062222222222231,1.1102230246251565e-16,0.13333333333333341,0.24826666666666666,0.13333333333333341,0.4
17,10,5,0.7999999999999999,0.8999999999999998,1.0,1.0,1.0,0.7999999999999999,0.8999999999999998,1.0,1.0,1.0,0.9999999999999999,0.9999999999999999,1.0,1.0,1.0,0.7,0.8999999999999998,0.004800000000000111,1.1102230246251565e-16,1.1102230246251565e-16,0.1469333333333334,1.1102230246251565e-16,0.20000000000000007
17,11,4,1.0,1.0,1.0,1.0,1.0,1.0,1.0,1.0,1.0,1.0,1.0,1.0,1.0,1.0,1.0,0.7999999999999999,0.7999999999999999,0.0002222222222222221,0.0,0.0,0.12488888888888881,0.0,0.33333333333333315
18,1,12,0.6969696969696969,0.8391608391608393,1.0,0.42857142857142855,1.0,0.6969696969696969,0.8391608391608393,1.0,0.42857142857142855,1.0,0.9999999999999998,1.0,1.0,1.0,1.0,0.7062937062937064,0.9440559440559443,0.12583838383838394,0.09090909090909105,0.18181818181818188,0.25002020202020214,0.18181818181818188,0.3030303030303031
18,2,11,0.6727272727272727,0.8090909090909091,0.5,0.6666666666666666,1.0,0.6727272727272727,0.8090909090909091,0.5,0.6666666666666666,1.0,1.0,1.0,1.0,1.0,1.0,0.7363636363636363,0.9636363636363637,0.11367272727272727,0.07272727272727264,0.1454545454545455,0.2774060606060606,0.18181818181818177,0.32727272727272727
18,3,9,0.8333333333333334,0.9333333333333332,0.5,1.0,1.0,0.8333333333333334,0.9333333333333332,0.5,1.0,1.0,1.0,1.0,1.0,1.0,1.0,0.8333333333333333,0.9333333333333332,0.05944444444444442,0.0,0.11111111111111116,0.25455555555555553,0.16666666666666663,0.33333333333333337
18,4,9,0.8333333333333334,0.9500000000000001,1.0,0.6666666666666666,1.0,0.8333333333333334,0.9500000000000001,1.0,0.6666666666666666,1.0,1.0,1.0,1.0,1.0,1.0,0.9500000000000001,1.0,0.04877777777777775,0.0,0.05555555555555547,0.18540740740740738,0.11111111111111116,0.2222222222222222
18,5,9,0.8888888888888888,0.9666666666666667,1.0,1.0,1.0,0.8888888888888888,0.9666666666666667,1.0,1.0,1.0,1.0,1.0,1.0,1.0,1.0,0.9166666666666666,0.9666666666666667,0.09885185185185183,0.05555555555555547,0.11111111111111116,0.17725925925925928,0.11111111111111116,0.2222222222222222
18,6,8,0.7857142857142856,0.9047619047619048,0.5,1.0,1.0,0.7857142857142856,0.9047619047619048,0.5,1.0,1.0,0.9999999999999998,1.0,1.0,1.0,1.0,0.8333333333333335,0.9761904761904763,0.028904761904762072,2.220446049250313e-16,0.07142857142857151,0.19976190476190486,0.1428571428571429,0.2857142857142858
18,7,7,0.7142857142857143,0.8571428571428573,1.0,0.6666666666666666,1.0,0.7142857142857143,0.8571428571428573,1.0,0.6666666666666666,1.0,1.0,1.0,1.0,1.0,1.0,0.7500000000000002,0.9642857142857145,0.012761904761904747,0.0,0.0,0.23358730158730148,0.09523809523809512,0.2857142857142857
18,8,6,0.3333333333333333,0.3714285714285715,0.5,0.6666666666666666,1.0,0.3333333333333333,0.3714285714285715,0.5,0.6666666666666666,1.0,0.9999999999999999,1.0,1.0,1.0,1.0,-0.028571428571428574,0.8285714285714287,0.11768888888888894,1.1102230246251565e-16,0.13333333333333341,0.26071111111111117,0.13333333333333341,0.4
18,9,5,0.39999999999999997,0.6,0.5,1.0,1.0,0.39999999999999997,0.6,0.5,1.0,1.0,0.9999999999999999,0.9999999999999999,1.0,1.0,1.0,0.6,0.9999999999999999,0.001333333333333444,1.1102230246251565e-16,1.1102230246251565e-16,0.19800000000000006,1.1102230246251565e-16,0.20000000000000007
18,10,4,0.6666666666666669,0.7999999999999999,0.5,1.0,1.0,0.6666666666666669,0.7999999999999999,0.5,1.0,1.0,1.0,1.0,1.0,1.0,1.0,0.7999999999999999,1.0,0.0037777777777777757,0.0,0.0,0.1348888888888888,0.0,0.33333333333333315
19,1,13,0.8717948717948716,0.9615384615384615,0.5,1.0,0.8181818181818182,0.8717948717948716,0.9615384615384615,0.5,1.0,0.8181818181818182,0.9999999999999998,1.0,1.0,1.0,1.0,0.8021978021978022,0.8846153846153846,0.10767521367521385,0.0769230769230771,0.12820512820512842,0.21468376068376088,0.15384615384615397,0.2564102564102566
19,2,12,0.7272727272727272,0.8741258741258742,0.5,1.0,0.8181818181818182,0.7272727272727272,0.8741258741258742,0.5,1.0,0.8181818181818182,0.9999999999999998,1.0,1.0,1.0,1.0,0.7622377622377624,0.9580419580419581,0.11159595959595972,0.060606060606060774,0.1515151515151516,0.2135555555555557,0.1515151515151516,0.2727272727272728
19,3,11,0.8181818181818182,0.9363636363636365,0.5,0.6666666666666666,1.0,0.8181818181818182,0.9363636363636365,0.5,0.6666666666666666,1.0,1.0,1.0,1.0,1.0,1.0,0.8363636363636365,0.9545454545454546,0.09692121212121212,0.07272727272727264,0.1454545454545455,0.16850909090909091,0.10909090909090913,0.21818181818181814
19,4,10,0.911111111111111,0.9636363636363635,1.0,1.0,1.0,0.911111111111111,0.9636363636363635,1.0,1.0,1.0,0.9999999999999999,0.9999999999999999,1.0,1.0,1.0,0.9393939393939393,0.9757575757575757,0.03911111111111125,1.1102230246251565e-16,0.04444444444444462,0.14343703703703717,0.08888888888888902,0.17777777777777792
19,5,9,0.8888888888888888,0.9666666666666667,0.5,1.0,1.0,0.8888888888888888,0.9666666666666667,0.5,1.0,1.0,1.0,1.0,1.0,1.0,1.0,0.8833333333333333,0.9500000000000001,0.052962962962962934,0.0,0.05555555555555547,0.12255555555555554,0.05555555555555547,0.16666666666666663
19,6,9,0.7222222222222222,0.8499999999999999,1.0,1.0,1.0,0.7222222222222222,0.8499999999999999,1.0,1.0,1.0,1.0,1.0,1.0,1.0,1.0,0.7833333333333333,0.9333333333333332,0.03840740740740738,0.0,0.05555555555555547,0.1922962962962963,0.11111111111111116,0.2777777777777778
19,7,8,0.7142857142857142,0.8571428571428572,0.5,1.0,1.0,0.7142857142857142,0.8571428571428572,0.5,1.0,1.0,0.9999999999999998,1.0,1.0,1.0,1.0,0.5000000000000001,0.8333333333333335,0.06828571428571441,2.220446049250313e-16,0.07142857142857151,0.19238095238095246,0.07142857142857151,0.2857142857142858
19,8,7,0.8095238095238096,0.9285714285714288,1.0,0.6666666666666666,1.0,0.8095238095238096,0.9285714285714288,1.0,0.6666666666666666,1.0,1.0,1.0,1.0,1.0,1.0,0.642857142857143,0.8571428571428573,0.039619047619047575,0.0,0.09523809523809512,0.09904761904761897,0.0,0.19047619047619035
19,9,6,0.7333333333333333,0.8857142857142858,1.0,0.6666666666666666,1.0,0.7333333333333333,0.8857142857142858,1.0,0.6666666666666666,1.0,0.9999999999999999,1.0,1.0,1.0,1.0,0.5428571428571429,0.8285714285714287,0.07848888888888897,1.1102230246251565e-16,0.13333333333333341,0.1587555555555556,1.1102230246251565e-16,0.2666666666666667
19,10,5,0.39999999999999997,0.49999999999999994,0.5,1.0,1.0,0.39999999999999997,0.49999999999999994,0.5,1.0,1.0,0.9999999999999999,0.9999999999999999,1.0,1.0,1.0,-0.09999999999999999,0.7,0.08493333333333343,1.1102230246251565e-16,0.20000000000000007,0.1324000000000001,1.1102230246251565e-16,0.20000000000000007
19,11,4,1.0,1.0,1.0,1.0,1.0,1.0,1.0,1.0,1.0,1.0,1.0,1.0,1.0,1.0,1.0,1.0,1.0,0.0,0.0,0.0,0.05688888888888886,0.0,0.0
20,1,12,0.909090909090909,0.9720279720279721,1.0,0.6666666666666666,1.0,0.909090909090909,0.9720279720279721,1.0,0.6666666666666666,1.0,0.9999999999999998,1.0,1.0,1.0,1.0,0.9510489510489512,0.9930069930069931,0.0477575757575759,0.030303030303030387,0.060606060606060774,0.16888888888888898,0.12121212121212133,0.21212121212121227
20,2,12,0.6363636363636362,0.7762237762237763,1.0,0.6666666666666666,0.8181818181818182,0.6363636363636362,0.7762237762237763,1.0,0.6666666666666666,0.8181818181818182,0.9999999999999998,1.0,1.0,1.0,1.0,0.6293706293706295,0.9370629370629372,0.10284848484848497,0.060606060606060774,0.12121212121212133,0.20383838383838396,0.1515151515151516,0.24242424242424254
20,3,11,0.8545454545454545,0.9636363636363637,1.0,1.0,1.0,0.8545454545454545,0.9636363636363637,1.0,1.0,1.0,1.0,1.0,1.0,1.0,1.0,0.8636363636363636,0.9545454545454546,0.10208484848484849,0.07272727272727264,0.1454545454545455,0.15035151515151515,0.10909090909090913,0.18181818181818177
20,4,10,0.6444444444444444,0.8181818181818182,0.5,0.6666666666666666,1.0,0.6444444444444444,0.8181818181818182,0.5,0.6666666666666666,1.0,0.9999999999999999,0.9999999999999999,1.0,1.0,1.0,0.5636363636363636,0.9151515151515152,0.0919703703703705,0.04444444444444462,0.13333333333333341,0.199525925925926,0.13333333333333341,0.2666666666666667
20,5,9,0.7222222222222222,0.8666666666666667,1.0,0.6666666666666666,1.0,0.7222222222222222,0.8666666666666667,1.0,0.6666666666666666,1.0,1.0,1.0,1.0,1.0,1.0,0.5666666666666667,0.8666666666666667,0.07437037037037035,0.05555555555555547,0.11111111111111116,0.19077777777777774,0.11111111111111116,0.2222222222222222
20,6,8,0.4999999999999999,0.7380952380952381,1.0,0.42857142857142855,1.0,0.4999999999999999,0.7380952380952381,1.0,0.42857142857142855,1.0,0.9999999999999998,1.0,1.0,1.0,1.0,0.4285714285714286,0.8333333333333335,0.07076190476190487,2.220446049250313e-16,0.07142857142857151,0.29923809523809536,0.2142857142857144,0.3571428571428572
20,7,7,0.14285714285714288,0.25,0.2,0.6666666666666666,1.0,0.14285714285714288,0.25,0.2,0.6666666666666666,1.0,1.0,1.0,1.0,1.0,1.0,-0.25,0.8571428571428573,0.14895238095238086,0.09523809523809512,0.19047619047619035,0.25403174603174594,0.19047619047619035,0.38095238095238093
20,8,6,0.8666666666666666,0.942857142857143,1.0,1.0,1.0,0.8666666666666666,0.942857142857143,1.0,1.0,1.0,0.9999999999999999,1.0,1.0,1.0,1.0,0.3142857142857143,0.48571428571428577,0.0030222222222223323,1.1102230246251565e-16,1.1102230246251565e-16,0.20524444444444445,0.13333333333333341,0.2666666666666667
20,9,4,-0.3333333333333334,-0.39999999999999997,0.5,1.0,1.0,-0.3333333333333334,-0.39999999999999997,0.5,1.0,1.0,1.0,1.0,1.0,1.0,1.0,-0.39999999999999997,1.0,0.12711111111111104,0.0,0.33333333333333315,0.20266666666666658,0.0,0.33333333333333315
20,10,3,0.33333333333333337,0.5,1.0,1.0,1.0,0.33333333333333337,0.5,1.0,1.0,1.0,1.0,1.0,1.0,1.0,1.0,0.5,1.0,0.08533333333333333,0.0,0.0,0.04666666666666667,0.0,0.0
21,1,13,0.8974358974358972,0.9725274725274725,1.0,1.0,0.8181818181818182,0.8974358974358972,0.9725274725274725,1.0,1.0,0.8181818181818182,0.9999999999999998,1.0,1.0,1.0,1.0,0.9175824175824175,0.9725274725274725,0.07405128205128225,0.051282051282051544,0.10256410256410275,0.15211965811965827,0.10256410256410275,0.17948717948717963
21,2,13,0.8205128205128204,0.9395604395604396,0.5,1.0,0.8181818181818182,0.8205128205128204,0.9395604395604396,0.5,1.0,0.8181818181818182,0.9999999999999998,1.0,1.0,1.0,1.0,0.901098901098901,0.9615384615384615,0.08153846153846173,0.051282051282051544,0.10256410256410275,0.13075213675213693,0.0769230769230771,0.15384615384615397
21,3,10,0.7777777777777777,0.9272727272727272,1.0,0.6666666666666666,1.0,0.7777777777777777,0.9272727272727272,1.0,0.6666666666666666,1.0,0.9999999999999999,0.9999999999999999,1.0,1.0,1.0,0.9030303030303028,0.9878787878787878,0.07635555555555569,0.04444444444444462,0.08888888888888902,0.12115555555555568,0.08888888888888902,0.17777777777777792
21,4,10,0.7777777777777777,0.8666666666666665,1.0,0.6666666666666666,1.0,0.7777777777777777,0.8666666666666665,1.0,0.6666666666666666,1.0,0.9999999999999999,0.9999999999999999,1.0,1.0,1.0,0.7818181818181817,0.9515151515151514,0.09920000000000012,0.04444444444444462,0.13333333333333341,0.15994074074074086,0.08888888888888902,0.22222222222222232
21,5,9,0.8333333333333334,0.9333333333333332,0.5,1.0,1.0,0.8333333333333334,0.9333333333333332,0.5,1.0,1.0,1.0,1.0,1.0,1.0,1.0,0.8499999999999999,0.9333333333333332,0.09499999999999999,0.05555555555555547,0.11111111111111116,0.14855555555555555,0.11111111111111116,0.2222222222222222
21,6,9,0.7222222222222222,0.8666666666666667,0.5,1.0,1.0,0.7222222222222222,0.8666666666666667,0.5,1.0,1.0,1.0,1.0,1.0,1.0,1.0,0.6333333333333333,0.8666666666666667,0.09103703703703701,0.05555555555555547,0.11111111111111116,0.1242222222222222,0.05555555555555547,0.16666666666666663
21,7,8,0.3571428571428571,0.4761904761904762,0.5,0.42857142857142855,1.0,0.3571428571428571,0.4761904761904762,0.5,0.42857142857142855,1.0,0.9999999999999998,1.0,1.0,1.0,1.0,0.4523809523809524,0.9761904761904763,0.10614285714285725,0.07142857142857151,0.1428571428571429,0.26119047619047625,0.1428571428571429,0.3571428571428572
21,8,7,0.8095238095238096,0.9285714285714288,1.0,0.6666666666666666,1.0,0.8095238095238096,0.9285714285714288,1.0,0.6666666666666666,1.0,1.0,1.0,1.0,1.0,1.0,0.9285714285714288,1.0,0.050539682539682496,0.0,0.09523809523809512,0.16774603174603164,0.09523809523809512,0.2857142857142857
21,9,6,0.4666666666666666,0.4285714285714286,0.5,0.6666666666666666,1.0,0.4666666666666666,0.4285714285714286,0.5,0.6666666666666666,1.0,0.9999999999999999,1.0,1.0,1.0,1.0,0.2,0.7714285714285715,0.011377777777777884,1.1102230246251565e-16,1.1102230246251565e-16,0.34177777777777774,0.2333333333333334,0.5333333333333334
21,10,4,0.3333333333333334,0.39999999999999997,0.5,1.0,1.0,0.3333333333333334,0.39999999999999997,0.5,1.0,1.0,1.0,1.0,1.0,1.0,1.0,0.19999999999999998,0.7999999999999999,0.002888888888888887,0.0,0.0,0.4313333333333332,0.33333333333333315,0.6666666666666665
21,11,4,0.3333333333333334,0.39999999999999997,0.5,1.0,1.0,0.3333333333333334,0.39999999999999997,0.5,1.0,1.0,1.0,1.0,1.0,1.0,1.0,0.39999999999999997,1.0,0.036888888888888874,0.0,0.0,0.1255555555555555,0.0,0.33333333333333315
22,1,12,0.8484848484848484,0.9440559440559443,1.0,1.0,0.8181818181818182,0.8484848484848484,0.9440559440559443,1.0,1.0,0.8181818181818182,0.9999999999999998,1.0,1.0,1.0,1.0,0.9090909090909092,0.9790209790209792,0.07573737373737388,0.060606060606060774,0.09090909090909105,0.13692929292929304,0.09090909090909105,0.18181818181818188
22,2,12,0.6363636363636362,0.8251748251748254,0.5,1.0,1.0,0.6363636363636362,0.8251748251748254,0.5,1.0,1.0,0.9999999999999998,1.0,1.0,1.0,1.0,0.8181818181818183,0.9930069930069931,0.11474747474747486,0.09090909090909105,0.1515151515151516,0.14064646464646477,0.09090909090909105,0.18181818181818188
22,3,11,0.8545454545454545,0.9454545454545454,0.5,1.0,1.0,0.8545454545454545,0.9454545454545454,0.5,1.0,1.0,1.0,1.0,1.0,1.0,1.0,0.881818181818182,0.9636363636363637,0.08167272727272727,0.036363636363636376,0.10909090909090913,0.16227878787878788,0.10909090909090913,0.21818181818181814
22,4,10,0.7777777777777777,0.9272727272727272,0.5,1.0,1.0,0.7777777777777777,0.9272727272727272,0.5,1.0,1.0,0.9999999999999999,0.9999999999999999,1.0,1.0,1.0,0.8787878787878788,0.9636363636363635,0.06560000000000013,0.04444444444444462,0.08888888888888902,0.15520000000000012,0.08888888888888902,0.22222222222222232
22,5,9,0.7777777777777778,0.9166666666666666,1.0,1.0,1.0,0.7777777777777778,0.9166666666666666,1.0,1.0,1.0,1.0,1.0,1.0,1.0,1.0,0.8166666666666667,0.9333333333333332,0.053370370370370346,0.0,0.05555555555555547,0.22077777777777774,0.16666666666666663,0.2777777777777778
22,6,9,0.7222222222222222,0.8833333333333333,1.0,0.6666666666666666,1.0,0.7222222222222222,0.8833333333333333,1.0,0.6666666666666666,1.0,1.0,1.0,1.0,1.0,1.0,0.7166666666666667,0.9333333333333332,0.0648148148148148,0.0,0.11111111111111116,0.1488148148148148,0.11111111111111116,0.2222222222222222
22,7,8,0.7142857142857142,0.880952380952381,0.5,1.0,1.0,0.7142857142857142,0.880952380952381,0.5,1.0,1.0,0.9999999999999998,1.0,1.0,1.0,1.0,0.880952380952381,1.0,0.011761904761904963,2.220446049250313e-16,2.220446049250313e-16,0.17904761904761912,0.07142857142857151,0.2142857142857144
22,8,6,0.4666666666666666,0.6,0.5,0.6666666666666666,1.0,0.4666666666666666,0.6,0.5,0.6666666666666666,1.0,0.9999999999999999,1.0,1.0,1.0,1.0,0.5428571428571429,0.942857142857143,0.020266666666666773,1.1102230246251565e-16,1.1102230246251565e-16,0.18355555555555558,0.13333333333333341,0.2666666666666667
22,9,5,0.39999999999999997,0.39999999999999997,0.5,1.0,1.0,0.39999999999999997,0.39999999999999997,0.5,1.0,1.0,0.9999999999999999,0.9999999999999999,1.0,1.0,1.0,-0.09999999999999999,0.7999999999999999,0.09306666666666676,1.1102230246251565e-16,0.20000000000000007,0.19853333333333337,1.1102230246251565e-16,0.20000000000000007
22,10,3,0.33333333333333337,0.5,1.0,1.0,1.0,0.33333333333333337,0.5,1.0,1.0,1.0,1.0,1.0,1.0,1.0,1.0,0.5,1.0,0.07688888888888888,0.0,0.0,0.06577777777777777,0.0,0.0
23,1,13,0.846153846153846,0.9615384615384615,0.5,1.0,1.0,0.846153846153846,0.9615384615384615,0.5,1.0,1.0,0.9999999999999998,1.0,1.0,1.0,1.0,0.9615384615384615,1.0,0.07239316239316258,0.051282051282051544,0.10256410256410275,0.16740170940170956,0.12820512820512842,0.2051282051282053
23,2,13,0.7179487179487178,0.8846153846153846,0.5,0.6666666666666666,0.8181818181818182,0.7179487179487178,0.8846153846153846,0.5,0.6666666666666666,0.8181818181818182,0.9999999999999998,1.0,1.0,1.0,1.0,0.8351648351648352,0.967032967032967,0.06945299145299165,0.051282051282051544,0.10256410256410275,0.18550427350427368,0.15384615384615397,0.23076923076923095
23,3,12,0.8484848484848484,0.9510489510489512,1.0,1.0,1.0,0.8484848484848484,0.9510489510489512,1.0,1.0,1.0,0.9999999999999998,1.0,1.0,1.0,1.0,0.8671328671328673,0.9370629370629372,0.05305050505050518,0.030303030303030387,0.060606060606060774,0.17860606060606074,0.12121212121212133,0.21212121212121227
23,4,11,0.6727272727272727,0.8090909090909091,1.0,0.42857142857142855,1.0,0.6727272727272727,0.8090909090909091,1.0,0.42857142857142855,1.0,1.0,1.0,1.0,1.0,1.0,0.5181818181818182,0.8545454545454546,0.1084121212121212,0.07272727272727264,0.1454545454545455,0.22310303030303028,0.1454545454545455,0.2909090909090909
23,5,9,0.8333333333333334,0.9333333333333332,1.0,1.0,1.0,0.8333333333333334,0.9333333333333332,1.0,1.0,1.0,1.0,1.0,1.0,1.0,1.0,0.9166666666666666,0.9833333333333333,0.08266666666666665,0.05555555555555547,0.11111111111111116,0.19162962962962965,0.11111111111111116,0.2222222222222222
23,6,9,0.7777777777777778,0.9166666666666666,1.0,1.0,1.0,0.7777777777777778,0.9166666666666666,1.0,1.0,1.0,1.0,1.0,1.0,1.0,1.0,0.75,0.9,0.06670370370370368,0.0,0.11111111111111116,0.135037037037037,0.05555555555555547,0.16666666666666663
23,7,8,0.7142857142857142,0.880952380952381,1.0,1.0,1.0,0.7142857142857142,0.880952380952381,1.0,1.0,1.0,0.9999999999999998,1.0,1.0,1.0,1.0,0.5714285714285715,0.8571428571428572,0.0703809523809525,2.220446049250313e-16,0.07142857142857151,0.2091428571428572,0.1428571428571429,0.2857142857142858
23,8,7,0.6190476190476191,0.8214285714285715,0.5,0.6666666666666666,1.0,0.6190476190476191,0.8214285714285715,0.5,0.6666666666666666,1.0,1.0,1.0,1.0,1.0,1.0,0.7857142857142859,0.9642857142857145,0.05180952380952376,0.0,0.09523809523809512,0.17136507936507928,0.09523809523809512,0.19047619047619035
23,9,6,0.6,0.7142857142857143,0.5,1.0,1.0,0.6,0.7142857142857143,0.5,1.0,1.0,0.9999999999999999,1.0,1.0,1.0,1.0,0.5428571428571429,0.942857142857143,0.0928000000000001,1.1102230246251565e-16,0.13333333333333341,0.1984888888888889,0.13333333333333341,0.2666666666666667
23,10,5,0.39999999999999997,0.6,0.5,1.0,1.0,0.39999999999999997,0.6,0.5,1.0,1.0,0.9999999999999999,0.9999999999999999,1.0,1.0,1.0,0.6,0.9999999999999999,0.0664000000000001,1.1102230246251565e-16,0.20000000000000007,0.2001333333333334,1.1102230246251565e-16,0.20000000000000007
23,11,4,1.0,1.0,1.0,1.0,1.0,1.0,1.0,1.0,1.0,1.0,1.0,1.0,1.0,1.0,1.0,1.0,1.0,0.0002222222222222221,0.0,0.0,0.041777777777777754,0.0,0.0
24,1,12,0.909090909090909,0.9790209790209792,1.0,0.6666666666666666,0.8181818181818182,0.909090909090909,0.9790209790209792,1.0,0.6666666666666666,0.8181818181818182,0.9999999999999998,1.0,1.0,1.0,1.0,0.965034965034965,0.9930069930069931,0.07842424242424256,0.060606060606060774,0.12121212121212133,0.1084646464646466,0.060606060606060774,0.1515151515151516
24,2,12,0.8181818181818181,0.9300699300699302,0.5,0.6666666666666666,1.0,0.8181818181818181,0.9300699300699302,0.5,0.6666666666666666,1.0,0.9999999999999998,1.0,1.0,1.0,1.0,0.8391608391608393,0.9580419580419581,0.06793939393939408,0.030303030303030387,0.09090909090909105,0.14612121212121224,0.09090909090909105,0.18181818181818188
24,3,11,0.7454545454545454,0.8909090909090911,0.5,1.0,0.8181818181818182,0.7454545454545454,0.8909090909090911,0.5,1.0,0.8181818181818182,1.0,1.0,1.0,1.0,1.0,0.8545454545454546,0.9727272727272729,0.18729696969696968,0.10909090909090913,0.25454545454545463,0.152,0.10909090909090913,0.18181818181818177
24,4,10,0.6444444444444444,0.7575757575757575,0.5,0.42857142857142855,1.0,0.6444444444444444,0.7575757575757575,0.5,0.42857142857142855,1.0,0.9999999999999999,0.9999999999999999,1.0,1.0,1.0,0.709090909090909,0.9878787878787878,0.10903703703703714,0.04444444444444462,0.13333333333333341,0.19442962962962976,0.13333333333333341,0.2666666666666667
24,5,9,0.4444444444444444,0.6166666666666666,0.5,0.6666666666666666,1.0,0.4444444444444444,0.6166666666666666,0.5,0.6666666666666666,1.0,1.0,1.0,1.0,1.0,1.0,0.2333333333333333,0.9,0.13688888888888887,0.11111111111111116,0.16666666666666663,0.2217037037037037,0.16666666666666663,0.2777777777777778
24,6,8,0.2857142857142857,0.3571428571428572,0.5,0.42857142857142855,1.0,0.2857142857142857,0.3571428571428572,0.5,0.42857142857142855,1.0,0.9999999999999998,1.0,1.0,1.0,1.0,0.09523809523809526,0.880952380952381,0.09476190476190487,0.07142857142857151,0.1428571428571429,0.26276190476190486,0.1428571428571429,0.3571428571428572
24,7,7,0.6190476190476191,0.7500000000000002,0.5,0.6666666666666666,1.0,0.6190476190476191,0.7500000000000002,0.5,0.6666666666666666,1.0,1.0,1.0,1.0,1.0,1.0,0.21428571428571433,0.7142857142857144,0.0697777777777777,0.0,0.09523809523809512,0.2368888888888888,0.09523809523809512,0.2857142857142857
24,8,5,0.6,0.7,0.5,1.0,1.0,0.6,0.7,0.5,1.0,1.0,0.9999999999999999,0.9999999999999999,1.0,1.0,1.0,0.19999999999999998,0.7,0.13386666666666674,1.1102230246251565e-16,0.20000000000000007,0.1778666666666667,1.1102230246251565e-16,0.20000000000000007
24,9,4,0.0,0.19999999999999998,0.5,1.0,1.0,0.0,0.19999999999999998,0.5,1.0,1.0,1.0,1.0,1.0,1.0,1.0,0.19999999999999998,1.0,0.11577777777777772,0.0,0.33333333333333315,0.17377777777777767,0.0,0.33333333333333315
24,10,3,0.33333333333333337,0.5,1.0,1.0,1.0,0.33333333333333337,0.5,1.0,1.0,1.0,1.0,1.0,1.0,1.0,1.0,0.5,1.0,0.0044444444444444444,0.0,0.0,0.04133333333333333,0.0,0.0
25,1,13,0.8974358974358972,0.9725274725274725,1.0,0.6666666666666666,1.0,0.8974358974358972,0.9725274725274725,1.0,0.6666666666666666,1.0,0.9999999999999998,1.0,1.0,1.0,1.0,0.9395604395604396,0.9725274725274725,0.0670085470085472,0.051282051282051544,0.0769230769230771,0.16128205128205145,0.12820512820512842,0.2051282051282053
25,2,13,0.769230769230769,0.9065934065934067,0.5,1.0,0.8181818181818182,0.769230769230769,0.9065934065934067,0.5,1.0,0.8181818181818182,0.9999999999999998,1.0,1.0,1.0,1.0,0.8131868131868131,0.967032967032967,0.06798290598290617,0.051282051282051544,0.10256410256410275,0.18340170940170958,0.12820512820512842,0.23076923076923095
25,3,11,0.7818181818181819,0.9090909090909091,0.5,1.0,1.0,0.7818181818181819,0.9090909090909091,0.5,1.0,1.0,1.0,1.0,1.0,1.0,1.0,0.7818181818181819,0.9454545454545454,0.06383030303030301,0.036363636363636376,0.10909090909090913,0.23328484848484848,0.18181818181818177,0.2909090909090909
25,4,11,0.7090909090909091,0.8181818181818182,1.0,0.6666666666666666,1.0,0.7090909090909091,0.8181818181818182,1.0,0.6666666666666666,1.0,1.0,1.0,1.0,1.0,1.0,0.8000000000000002,0.990909090909091,0.06998787878787878,0.036363636363636376,0.10909090909090913,0.25360000000000005,0.18181818181818177,0.32727272727272727
25,5,10,0.8666666666666666,0.9636363636363635,1.0,1.0,1.0,0.8666666666666666,0.9636363636363635,1.0,1.0,1.0,0.9999999999999999,0.9999999999999999,1.0,1.0,1.0,0.7575757575757575,0.8909090909090909,0.04613333333333348,1.1102230246251565e-16,0.08888888888888902,0.2163555555555557,0.13333333333333341,0.2666666666666667
25,6,9,0.9444444444444445,0.9833333333333333,1.0,1.0,1.0,0.9444444444444445,0.9833333333333333,1.0,1.0,1.0,1.0,1.0,1.0,1.0,1.0,0.45,0.4666666666666666,0.048925925925925894,0.0,0.05555555555555547,0.2935925925925926,0.2222222222222222,0.38888888888888895
25,7,8,0.6428571428571428,0.7857142857142858,0.5,1.0,1.0,0.6428571428571428,0.7857142857142858,0.5,1.0,1.0,0.9999999999999998,1.0,1.0,1.0,1.0,0.6904761904761906,0.9523809523809524,0.06285714285714299,2.220446049250313e-16,0.07142857142857151,0.1780952380952382,0.07142857142857151,0.2142857142857144
25,8,6,0.6,0.7714285714285715,1.0,0.6666666666666666,1.0,0.6,0.7714285714285715,1.0,0.6666666666666666,1.0,0.9999999999999999,1.0,1.0,1.0,1.0,0.6,0.942857142857143,0.0077333333333334435,1.1102230246251565e-16,1.1102230246251565e-16,0.16817777777777781,1.1102230246251565e-16,0.2666666666666667
25,9,5,0.6,0.7,0.5,1.0,1.0,0.6,0.7,0.5,1.0,1.0,0.9999999999999999,0.9999999999999999,1.0,1.0,1.0,0.6,0.8999999999999998,0.009866666666666775,1.1102230246251565e-16,1.1102230246251565e-16,0.20720000000000005,1.1102230246251565e-16,0.4
25,10,4,1.0,1.0,1.0,1.0,1.0,1.0,1.0,1.0,1.0,1.0,1.0,1.0,1.0,1.0,1.0,1.0,1.0,0.0,0.0,0.0,0.09733333333333327,0.0,0.33333333333333315
26,1,10,0.7333333333333333,0.8787878787878788,0.5,0.6666666666666666,1.0,0.7333333333333333,0.8787878787878788,0.5,0.6666666666666666,1.0,0.9999999999999999,0.9999999999999999,1.0,1.0,1.0,0.709090909090909,0.9393939393939393,0.07413333333333347,0.04444444444444462,0.08888888888888902,0.21854814814814824,0.13333333333333341,0.2666666666666667
26,2,8,0.14285714285714285,0.261904761904762,0.2,0.42857142857142855,1.0,0.14285714285714285,0.261904761904762,0.2,0.42857142857142855,1.0,0.9999999999999998,1.0,1.0,1.0,1.0,-0.04761904761904763,0.880952380952381,0.036714285714285866,2.220446049250313e-16,0.07142857142857151,0.4176190476190476,0.2857142857142858,0.5000000000000001
26,3,6,0.7333333333333333,0.8285714285714287,0.5,1.0,1.0,0.7333333333333333,0.8285714285714287,0.5,1.0,1.0,0.9999999999999999,1.0,1.0,1.0,1.0,0.2571428571428572,0.4285714285714286,0.00800000000000011,1.1102230246251565e-16,1.1102230246251565e-16,0.2393777777777778,0.13333333333333341,0.4
26,4,3,1.0,1.0,1.0,1.0,1.0,1.0,1.0,1.0,1.0,1.0,1.0,1.0,1.0,1.0,1.0,1.0,1.0,0.0,0.0,0.0,0.07066666666666667,0.0,0.0
27,1,13,0.5384615384615383,0.7032967032967032,0.5,0.6666666666666666,0.6666666666666666,0.5384615384615383,0.7032967032967032,0.5,0.6666666666666666,0.6666666666666666,0.9999999999999998,1.0,1.0,1.0,1.0,0.26373626373626374,0.7912087912087913,0.13977777777777795,0.10256410256410275,0.17948717948717963,0.34820512820512833,0.28205128205128216,0.41025641025641035
27,2,12,0.7575757575757575,0.8531468531468532,1.0,0.6666666666666666,0.8181818181818182,0.7575757575757575,0.8531468531468532,1.0,0.6666666666666666,0.8181818181818182,0.9999999999999998,1.0,1.0,1.0,1.0,0.3356643356643357,0.6993006993006995,0.09620202020202032,0.060606060606060774,0.12121212121212133,0.30143434343434355,0.24242424242424254,0.36363636363636376
27,3,11,0.6363636363636364,0.8181818181818182,0.5,0.6666666666666666,1.0,0.6363636363636364,0.8181818181818182,0.5,0.6666666666666666,1.0,1.0,1.0,1.0,1.0,1.0,0.28181818181818186,0.7090909090909092,0.11059393939393938,0.07272727272727264,0.1454545454545455,0.2756363636363637,0.21818181818181814,0.32727272727272727
27,4,10,0.37777777777777777,0.5030303030303029,0.5,0.42857142857142855,1.0,0.37777777777777777,0.5030303030303029,0.5,0.42857142857142855,1.0,0.9999999999999999,0.9999999999999999,1.0,1.0,1.0,-0.0303030303030303,0.6121212121212121,0.0955555555555557,0.04444444444444462,0.13333333333333341,0.29419259259259267,0.22222222222222232,0.3555555555555556
27,5,9,0.8333333333333334,0.9333333333333332,1.0,1.0,1.0,0.8333333333333334,0.9333333333333332,1.0,1.0,1.0,1.0,1.0,1.0,1.0,1.0,0.43333333333333335,0.6166666666666666,0.06729629629629627,0.0,0.11111111111111116,0.25274074074074077,0.16666666666666663,0.33333333333333337
27,6,9,0.7222222222222222,0.9,0.5,0.6666666666666666,1.0,0.7222222222222222,0.9,0.5,0.6666666666666666,1.0,1.0,1.0,1.0,1.0,1.0,0.26666666666666666,0.6,0.059703703703703676,0.0,0.11111111111111116,0.21737037037037035,0.16666666666666663,0.2777777777777778
27,7,8,0.42857142857142855,0.6428571428571429,0.5,1.0,1.0,0.42857142857142855,0.6428571428571429,0.5,1.0,1.0,0.9999999999999998,1.0,1.0,1.0,1.0,0.19047619047619052,0.8333333333333335,0.07485714285714297,2.220446049250313e-16,0.1428571428571429,0.2637619047619048,0.1428571428571429,0.3571428571428572
27,8,6,-0.3333333333333333,-0.3142857142857143,0.2,0.6666666666666666,1.0,-0.3333333333333333,-0.3142857142857143,0.2,0.6666666666666666,1.0,0.9999999999999999,1.0,1.0,1.0,1.0,-0.942857142857143,0.6,0.05600000000000009,1.1102230246251565e-16,0.13333333333333341,0.3390222222222222,0.13333333333333341,0.5333333333333334
27,9,4,0.0,0.19999999999999998,1.0,1.0,1.0,0.0,0.19999999999999998,1.0,1.0,1.0,1.0,1.0,1.0,1.0,1.0,0.19999999999999998,1.0,0.07977777777777774,0.0,0.0,0.10444444444444438,0.0,0.33333333333333315
28,1,12,0.909090909090909,0.9720279720279721,1.0,1.0,1.0,0.909090909090909,0.9720279720279721,1.0,1.0,1.0,0.9999999999999998,1.0,1.0,1.0,1.0,0.9370629370629372,0.9720279720279721,0.09014141414141427,0.060606060606060774,0.12121212121212133,0.14692929292929302,0.09090909090909105,0.18181818181818188
28,2,12,0.9393939393939392,0.9860139860139862,1.0,1.0,1.0,0.9393939393939392,0.9860139860139862,1.0,1.0,1.0,0.9999999999999998,1.0,1.0,1.0,1.0,0.9090909090909092,0.9370629370629372,0.05791919191919205,0.030303030303030387,0.09090909090909105,0.1517979797979799,0.09090909090909105,0.18181818181818188
28,3,10,0.911111111111111,0.9757575757575757,1.0,1.0,1.0,0.911111111111111,0.9757575757575757,1.0,1.0,1.0,0.9999999999999999,0.9999999999999999,1.0,1.0,1.0,0.9393939393939393,0.9636363636363635,0.05887407407407421,0.04444444444444462,0.08888888888888902,0.12165925925925938,0.08888888888888902,0.17777777777777792
28,4,10,0.911111111111111,0.9757575757575757,1.0,0.6666666666666666,1.0,0.911111111111111,0.9757575757575757,1.0,0.6666666666666666,1.0,0.9999999999999999,0.9999999999999999,1.0,1.0,1.0,0.9272727272727272,0.9757575757575757,0.06565925925925939,0.04444444444444462,0.08888888888888902,0.12207407407407421,0.08888888888888902,0.17777777777777792
28,5,9,0.9444444444444445,0.9833333333333333,1.0,1.0,1.0,0.9444444444444445,0.9833333333333333,1.0,1.0,1.0,1.0,1.0,1.0,1.0,1.0,0.9833333333333333,1.0,0.054555555555555524,0.0,0.05555555555555547,0.14129629629629625,0.11111111111111116,0.16666666666666663
28,6,9,0.5555555555555556,0.7166666666666667,0.2,0.6666666666666666,1.0,0.5555555555555556,0.7166666666666667,0.2,0.6666666666666666,1.0,1.0,1.0,1.0,1.0,1.0,0.6333333333333333,0.9833333333333333,0.11314814814814811,0.05555555555555547,0.16666666666666663,0.1867037037037037,0.11111111111111116,0.2222222222222222
28,7,8,0.7857142857142856,0.9047619047619048,1.0,1.0,1.0,0.7857142857142856,0.9047619047619048,1.0,1.0,1.0,0.9999999999999998,1.0,1.0,1.0,1.0,0.8571428571428572,0.9761904761904763,0.09542857142857154,0.07142857142857151,0.1428571428571429,0.13457142857142868,0.07142857142857151,0.2142857142857144
28,8,7,0.8095238095238096,0.9285714285714288,0.5,1.0,1.0,0.8095238095238096,0.9285714285714288,0.5,1.0,1.0,1.0,1.0,1.0,1.0,1.0,0.9285714285714288,1.0,0.06584126984126977,0.0,0.09523809523809512,0.10603174603174595,0.0,0.19047619047619035
28,9,6,0.3333333333333333,0.48571428571428577,0.5,1.0,1.0,0.3333333333333333,0.48571428571428577,0.5,1.0,1.0,0.9999999999999999,1.0,1.0,1.0,1.0,0.48571428571428577,1.0,0.14968888888888893,0.13333333333333341,0.2666666666666667,0.18355555555555558,0.13333333333333341,0.2666666666666667
28,10,5,0.39999999999999997,0.39999999999999997,0.5,1.0,1.0,0.39999999999999997,0.39999999999999997,0.5,1.0,1.0,0.9999999999999999,0.9999999999999999,1.0,1.0,1.0,0.3,0.8999999999999998,0.21120000000000005,1.1102230246251565e-16,0.4,0.22586666666666672,1.1102230246251565e-16,0.4
28,11,4,0.3333333333333334,0.39999999999999997,1.0,1.0,1.0,0.3333333333333334,0.39999999999999997,1.0,1.0,1.0,1.0,1.0,1.0,1.0,1.0,0.39999999999999997,1.0,0.2133333333333332,0.0,0.33333333333333315,0.05066666666666664,0.0,0.0
29,1,15,0.8666666666666667,0.9428571428571427,1.0,1.0,0.8181818181818182,0.8666666666666667,0.9428571428571427,1.0,1.0,0.8181818181818182,1.0,1.0,1.0,1.0,1.0,0.9357142857142854,0.9928571428571428,0.09330793650793646,0.05714285714285716,0.11428571428571432,0.1881650793650793,0.15238095238095228,0.22857142857142854
29,2,15,0.6000000000000001,0.7642857142857141,1.0,0.42857142857142855,0.8181818181818182,0.6000000000000001,0.7642857142857141,1.0,0.42857142857142855,0.8181818181818182,1.0,1.0,1.0,1.0,1.0,0.6321428571428571,0.9642857142857141,0.1344507936507936,0.09523809523809512,0.17142857142857137,0.23070476190476183,0.17142857142857137,0.2857142857142857
29,3,14,0.6923076923076924,0.8241758241758241,0.5,0.42857142857142855,0.8181818181818182,0.6923076923076924,0.8241758241758241,0.5,0.42857142857142855,0.8181818181818182,1.0,1.0,1.0,1.0,1.0,0.6615384615384616,0.9340659340659341,0.17280586080586074,0.13186813186813184,0.21978021978021978,0.2256410256410256,0.17582417582417575,0.2637362637362637
29,4,13,0.5897435897435896,0.7967032967032966,0.5,0.42857142857142855,0.8181818181818182,0.5897435897435896,0.7967032967032966,0.5,0.42857142857142855,0.8181818181818182,0.9999999999999998,1.0,1.0,1.0,1.0,0.7087912087912087,0.9780219780219779,0.15340170940170955,0.10256410256410275,0.17948717948717963,0.24531623931623944,0.17948717948717963,0.3076923076923078
29,5,12,0.7272727272727272,0.8321678321678322,0.5,0.6666666666666666,1.0,0.7272727272727272,0.8321678321678322,0.5,0.6666666666666666,1.0,0.9999999999999998,1.0,1.0,1.0,1.0,0.6713286713286714,0.9090909090909092,0.12331313131313144,0.09090909090909105,0.1515151515151516,0.2427878787878789,0.18181818181818188,0.3030303030303031
29,6,11,0.6727272727272727,0.8090909090909091,0.5,0.6666666666666666,0.8181818181818182,0.6727272727272727,0.8090909090909091,0.5,0.6666666666666666,0.8181818181818182,1.0,1.0,1.0,1.0,1.0,0.5545454545454546,0.8727272727272729,0.1355878787878788,0.07272727272727264,0.18181818181818177,0.3330666666666667,0.25454545454545463,0.3999999999999999
29,7,10,0.5555555555555555,0.7454545454545454,0.5,0.6666666666666666,1.0,0.5555555555555555,0.7454545454545454,0.5,0.6666666666666666,1.0,0.9999999999999999,0.9999999999999999,1.0,1.0,1.0,0.4666666666666666,0.8909090909090909,0.14100740740740753,0.08888888888888902,0.17777777777777792,0.3254814814814816,0.22222222222222232,0.4
29,8,8,0.5714285714285714,0.7380952380952381,0.5,0.6666666666666666,1.0,0.5714285714285714,0.7380952380952381,0.5,0.6666666666666666,1.0,0.9999999999999998,1.0,1.0,1.0,1.0,0.4047619047619048,0.9047619047619048,0.16376190476190486,0.1428571428571429,0.2142857142857144,0.24380952380952392,0.1428571428571429,0.2857142857142858
29,9,7,0.5238095238095238,0.7500000000000002,0.5,0.6666666666666666,1.0,0.5238095238095238,0.7500000000000002,0.5,0.6666666666666666,1.0,1.0,1.0,1.0,1.0,1.0,0.5357142857142858,0.9285714285714288,0.0828571428571428,0.0,0.09523809523809512,0.2569523809523809,0.19047619047619035,0.38095238095238093
29,10,6,0.4666666666666666,0.6,0.5,0.6666666666666666,1.0,0.4666666666666666,0.6,0.5,0.6666666666666666,1.0,0.9999999999999999,1.0,1.0,1.0,1.0,0.6,1.0,0.11484444444444451,1.1102230246251565e-16,0.13333333333333341,0.2448888888888889,0.13333333333333341,0.4
29,11,4,0.3333333333333334,0.39999999999999997,0.5,1.0,1.0,0.3333333333333334,0.39999999999999997,0.5,1.0,1.0,1.0,1.0,1.0,1.0,1.0,0.39999999999999997,1.0,0.005777777777777775,0.0,0.0,0.08644444444444441,0.0,0.0
30,1,15,0.7523809523809525,0.8857142857142855,1.0,0.6666666666666666,0.6666666666666666,0.7523809523809525,0.8857142857142855,1.0,0.6666666666666666,0.6666666666666666,1.0,1.0,1.0,1.0,1.0,0.7642857142857141,0.9571428571428571,0.11262222222222217,0.07619047619047614,0.1333333333333333,0.30525714285714284,0.22857142857142854,0.36190476190476184
30,2,15,0.6380952380952382,0.825,1.0,0.6666666666666666,0.8181818181818182,0.6380952380952382,0.825,1.0,0.6666666666666666,0.8181818181818182,1.0,1.0,1.0,1.0,1.0,0.5142857142857142,0.8678571428571429,0.09606349206349202,0.07619047619047614,0.11428571428571432,0.3080761904761904,0.24761904761904752,0.36190476190476184
30,3,14,0.5604395604395604,0.7406593406593407,0.5,0.6666666666666666,0.6666666666666666,0.5604395604395604,0.7406593406593407,0.5,0.6666666666666666,0.6666666666666666,1.0,1.0,1.0,1.0,1.0,0.2,0.7758241758241758,0.11772893772893768,0.08791208791208782,0.15384615384615385,0.37997069597069594,0.2857142857142856,0.46153846153846156
30,4,13,0.5384615384615383,0.6648351648351648,0.5,0.42857142857142855,0.8181818181818182,0.5384615384615383,0.6648351648351648,0.5,0.42857142857142855,0.8181818181818182,0.9999999999999998,1.0,1.0,1.0,1.0,0.39010989010989006,0.8956043956043955,0.12494017094017112,0.10256410256410275,0.15384615384615397,0.34319658119658136,0.2564102564102566,0.41025641025641035
30,5,11,0.2727272727272727,0.39090909090909093,0.2,0.25,0.8181818181818182,0.2727272727272727,0.39090909090909093,0.2,0.25,0.8181818181818182,1.0,1.0,1.0,1.0,1.0,-0.07272727272727274,0.8272727272727273,0.1125090909090909,0.07272727272727264,0.1454545454545455,0.45689696969696963,0.32727272727272727,0.5454545454545454
30,6,10,0.4666666666666666,0.6,0.5,0.42857142857142855,1.0,0.4666666666666666,0.6,0.5,0.42857142857142855,1.0,0.9999999999999999,0.9999999999999999,1.0,1.0,1.0,0.29696969696969694,0.8666666666666665,0.11241481481481491,0.08888888888888902,0.13333333333333341,0.37920000000000004,0.2666666666666667,0.48888888888888893
30,7,9,0.3888888888888889,0.5666666666666667,0.2,0.6666666666666666,1.0,0.3888888888888889,0.5666666666666667,0.2,0.6666666666666666,1.0,1.0,1.0,1.0,1.0,1.0,0.06666666666666667,0.7999999999999999,0.0789259259259259,0.05555555555555547,0.11111111111111116,0.35633333333333334,0.2222222222222222,0.4444444444444444
30,8,8,0.21428571428571427,0.28571428571428575,0.2,0.6666666666666666,1.0,0.21428571428571427,0.28571428571428575,0.2,0.6666666666666666,1.0,0.9999999999999998,1.0,1.0,1.0,1.0,-0.07142857142857144,0.8333333333333335,0.12147619047619057,0.07142857142857151,0.1428571428571429,0.31719047619047624,0.2142857142857144,0.4285714285714286
30,9,6,0.2,0.4285714285714286,0.5,0.6666666666666666,1.0,0.2,0.4285714285714286,0.5,0.6666666666666666,1.0,0.9999999999999999,1.0,1.0,1.0,1.0,0.3714285714285715,0.942857142857143,0.022488888888888992,1.1102230246251565e-16,1.1102230246251565e-16,0.28942222222222225,0.13333333333333341,0.4
30,10,4,0.6666666666666669,0.7999999999999999,0.5,1.0,1.0,0.6666666666666669,0.7999999999999999,0.5,1.0,1.0,1.0,1.0,1.0,1.0,1.0,0.7999999999999999,1.0,0.0955555555555555,0.0,0.33333333333333315,0.051555555555555535,0.0,0.0
31,1,16,0.7999999999999999,0.9147058823529413,0.5,1.0,0.8181818181818182,0.7999999999999999,0.9147058823529413,0.5,1.0,0.8181818181818182,1.0,1.0,1.0,1.0,1.0,0.6794117647058824,0.9,0.14230000000000004,0.09999999999999998,0.16666666666666674,0.3022111111111111,0.25,0.35
31,2,15,0.8666666666666667,0.9571428571428571,0.5,1.0,0.8181818181818182,0.8666666666666667,0.9571428571428571,0.5,1.0,0.8181818181818182,1.0,1.0,1.0,1.0,1.0,0.8535714285714284,0.9535714285714283,0.1136507936507936,0.07619047619047614,0.1333333333333333,0.3084190476190476,0.24761904761904752,0.36190476190476184
31,3,14,0.7362637362637363,0.8681318681318682,1.0,0.6666666666666666,0.8181818181818182,0.7362637362637363,0.8681318681318682,1.0,0.6666666666666666,0.8181818181818182,1.0,1.0,1.0,1.0,1.0,0.5560439560439561,0.8505494505494505,0.11808058608058604,0.08791208791208782,0.15384615384615385,0.33139926739926734,0.2637362637362637,0.39560439560439564
31,4,13,0.7435897435897434,0.8846153846153846,0.5,0.6666666666666666,0.8181818181818182,0.7435897435897434,0.8846153846153846,0.5,0.6666666666666666,0.8181818181818182,0.9999999999999998,1.0,1.0,1.0,1.0,0.6758241758241759,0.9230769230769231,0.11502564102564118,0.0769230769230771,0.15384615384615397,0.29957264957264973,0.23076923076923095,0.35897435897435914
31,5,12,0.6969696969696969,0.8671328671328673,0.5,0.6666666666666666,0.8181818181818182,0.6969696969696969,0.8671328671328673,0.5,0.6666666666666666,0.8181818181818182,0.9999999999999998,1.0,1.0,1.0,1.0,0.6223776223776225,0.9020979020979022,0.11498989898989911,0.060606060606060774,0.1515151515151516,0.3047676767676769,0.23484848484848497,0.36363636363636376
31,6,10,0.4666666666666666,0.5515151515151515,0.5,0.42857142857142855,1.0,0.4666666666666666,0.5515151515151515,0.5,0.42857142857142855,1.0,0.9999999999999999,0.9999999999999999,1.0,1.0,1.0,0.33333333333333326,0.8303030303030302,0.12355555555555568,0.08888888888888902,0.17777777777777792,0.3394074074074075,0.2666666666666667,0.44444444444444453
31,7,9,0.5,0.6666666666666667,0.5,0.6666666666666666,1.0,0.5,0.6666666666666667,0.5,0.6666666666666666,1.0,1.0,1.0,1.0,1.0,1.0,0.43333333333333335,0.9333333333333332,0.09166666666666665,0.05555555555555547,0.11111111111111116,0.2901111111111111,0.2222222222222222,0.38888888888888895
31,8,8,0.4999999999999999,0.6904761904761906,1.0,0.6666666666666666,1.0,0.4999999999999999,0.6904761904761906,1.0,0.6666666666666666,1.0,0.9999999999999998,1.0,1.0,1.0,1.0,0.38095238095238104,0.880952380952381,0.10352380952380963,0.07142857142857151,0.1428571428571429,0.21590476190476202,0.1428571428571429,0.2857142857142858
31,9,6,0.6,0.7714285714285715,1.0,0.6666666666666666,1.0,0.6,0.7714285714285715,1.0,0.6666666666666666,1.0,0.9999999999999999,1.0,1.0,1.0,1.0,0.6,0.942857142857143,0.07706666666666676,1.1102230246251565e-16,0.13333333333333341,0.1532444444444445,1.1102230246251565e-16,0.2666666666666667
31,10,4,0.6666666666666669,0.7999999999999999,0.5,1.0,1.0,0.6666666666666669,0.7999999999999999,0.5,1.0,1.0,1.0,1.0,1.0,1.0,1.0,0.7999999999999999,1.0,0.16133333333333325,0.0,0.33333333333333315,0.025333333333333315,0.0,0.0
32,1,14,0.7142857142857144,0.8945054945054945,0.5,0.6666666666666666,1.0,0.7142857142857144,0.8945054945054945,0.5,0.6666666666666666,1.0,1.0,1.0,1.0,1.0,1.0,0.3318681318681319,0.6571428571428571,0.1698608058608058,0.13186813186813184,0.21978021978021978,0.3082490842490842,0.24175824175824168,0.37362637362637363
32,2,13,0.769230769230769,0.901098901098901,1.0,1.0,0.8181818181818182,0.769230769230769,0.901098901098901,1.0,1.0,0.8181818181818182,0.9999999999999998,1.0,1.0,1.0,1.0,0.19230769230769232,0.532967032967033,0.14049572649572667,0.10256410256410275,0.17948717948717963,0.3364615384615386,0.2564102564102566,0.41025641025641035
32,3,12,0.6969696969696969,0.8601398601398602,1.0,0.6666666666666666,1.0,0.6969696969696969,0.8601398601398602,1.0,0.6666666666666666,1.0,0.9999999999999998,1.0,1.0,1.0,1.0,0.4685314685314686,0.7342657342657343,0.1448080808080809,0.09090909090909105,0.18181818181818188,0.3095959595959597,0.21212121212121227,0.39393939393939403
32,4,11,0.4909090909090909,0.6818181818181819,0.5,0.6666666666666666,0.8181818181818182,0.4909090909090909,0.6818181818181819,0.5,0.6666666666666666,0.8181818181818182,1.0,1.0,1.0,1.0,1.0,0.18181818181818182,0.7818181818181819,0.11003636363636363,0.07272727272727264,0.1454545454545455,0.37573333333333336,0.2909090909090909,0.4727272727272728
32,5,10,0.6888888888888888,0.8545454545454544,1.0,0.6666666666666666,1.0,0.6888888888888888,0.8545454545454544,1.0,0.6666666666666666,1.0,0.9999999999999999,0.9999999999999999,1.0,1.0,1.0,0.2727272727272727,0.6363636363636362,0.10139259259259271,0.04444444444444462,0.13333333333333341,0.3714370370370371,0.2666666666666667,0.44444444444444453
32,6,9,0.6666666666666666,0.8333333333333333,1.0,0.6666666666666666,1.0,0.6666666666666666,0.8333333333333333,1.0,0.6666666666666666,1.0,1.0,1.0,1.0,1.0,1.0,0.3666666666666667,0.7666666666666667,0.08907407407407404,0.05555555555555547,0.11111111111111116,0.3426666666666667,0.2222222222222222,0.4444444444444444
32,7,8,0.21428571428571427,0.30952380952380953,0.2,0.42857142857142855,1.0,0.21428571428571427,0.30952380952380953,0.2,0.42857142857142855,1.0,0.9999999999999998,1.0,1.0,1.0,1.0,0.023809523809523815,0.9285714285714287,0.1397142857142858,0.07142857142857151,0.2142857142857144,0.38100000000000006,0.2142857142857144,0.5000000000000001
32,8,7,0.5238095238095238,0.642857142857143,0.5,0.6666666666666666,1.0,0.5238095238095238,0.642857142857143,0.5,0.6666666666666666,1.0,1.0,1.0,1.0,1.0,1.0,0.03571428571428572,0.6785714285714287,0.11777777777777772,0.0,0.19047619047619035,0.3212063492063491,0.19047619047619035,0.47619047619047616
32,9,6,0.8666666666666666,0.942857142857143,0.5,1.0,1.0,0.8666666666666666,0.942857142857143,0.5,1.0,1.0,0.9999999999999999,1.0,1.0,1.0,1.0,0.7714285714285715,0.8285714285714287,0.12631111111111118,1.1102230246251565e-16,0.13333333333333341,0.18453333333333335,0.13333333333333341,0.2666666666666667
32,10,5,0.39999999999999997,0.6,0.5,1.0,1.0,0.39999999999999997,0.6,0.5,1.0,1.0,0.9999999999999999,0.9999999999999999,1.0,1.0,1.0,0.6,0.9999999999999999,0.0596000000000001,1.1102230246251565e-16,0.20000000000000007,0.10506666666666675,1.1102230246251565e-16,0.20000000000000007
32,11,5,0.9999999999999999,0.9999999999999999,1.0,1.0,1.0,0.9999999999999999,0.9999999999999999,1.0,1.0,1.0,0.9999999999999999,0.9999999999999999,1.0,1.0,1.0,0.9999999999999999,0.9999999999999999,0.0676000000000001,1.1102230246251565e-16,0.20000000000000007,0.06373333333333342,1.1102230246251565e-16,0.20000000000000007
33,1,13,0.8717948717948716,0.9505494505494506,1.0,0.6666666666666666,1.0,0.8717948717948716,0.9505494505494506,1.0,0.6666666666666666,1.0,0.9999999999999998,1.0,1.0,1.0,1.0,0.8791208791208791,0.9395604395604396,0.09692307692307711,0.0769230769230771,0.12820512820512842,0.2219487179487181,0.17948717948717963,0.2564102564102566
33,2,13,0.8974358974358972,0.9780219780219779,1.0,1.0,0.8181818181818182,0.8974358974358972,0.9780219780219779,1.0,1.0,0.8181818181818182,0.9999999999999998,1.0,1.0,1.0,1.0,0.8901098901098902,0.9395604395604396,0.09283760683760704,0.051282051282051544,0.12820512820512842,0.19957264957264972,0.15384615384615397,0.2564102564102566
33,3,11,0.6000000000000001,0.7727272727272727,0.5,0.6666666666666666,1.0,0.6000000000000001,0.7727272727272727,0.5,0.6666666666666666,1.0,1.0,1.0,1.0,1.0,1.0,0.5909090909090909,0.9454545454545454,0.12826666666666664,0.07272727272727264,0.18181818181818177,0.22632727272727274,0.1454545454545455,0.2909090909090909
33,4,9,0.16666666666666666,0.26666666666666666,0.2,0.42857142857142855,1.0,0.16666666666666666,0.26666666666666666,0.2,0.42857142857142855,1.0,1.0,1.0,1.0,1.0,1.0,0.08333333333333334,0.9666666666666667,0.12270370370370368,0.05555555555555547,0.16666666666666663,0.31796296296296295,0.2222222222222222,0.38888888888888895
33,5,8,0.5714285714285714,0.7142857142857144,1.0,0.6666666666666666,1.0,0.5714285714285714,0.7142857142857144,1.0,0.6666666666666666,1.0,0.9999999999999998,1.0,1.0,1.0,1.0,0.5952380952380953,0.9047619047619048,0.11604761904761915,0.07142857142857151,0.1428571428571429,0.2870952380952381,0.2142857142857144,0.3571428571428572
33,6,7,0.7142857142857143,0.8214285714285715,1.0,0.6666666666666666,1.0,0.7142857142857143,0.8214285714285715,1.0,0.6666666666666666,1.0,1.0,1.0,1.0,1.0,1.0,0.6071428571428572,0.9285714285714288,0.12463492063492057,0.09523809523809512,0.19047619047619035,0.19555555555555545,0.09523809523809512,0.2857142857142857
33,7,6,0.8666666666666666,0.942857142857143,1.0,1.0,1.0,0.8666666666666666,0.942857142857143,1.0,1.0,1.0,0.9999999999999999,1.0,1.0,1.0,1.0,0.8857142857142858,0.942857142857143,0.13920000000000005,1.1102230246251565e-16,0.2666666666666667,0.13591111111111115,1.1102230246251565e-16,0.2666666666666667
33,8,5,0.6,0.7999999999999999,1.0,1.0,1.0,0.6,0.7999999999999999,1.0,1.0,1.0,0.9999999999999999,0.9999999999999999,1.0,1.0,1.0,0.7999999999999999,0.9999999999999999,0.06800000000000009,1.1102230246251565e-16,0.20000000000000007,0.12346666666666675,1.1102230246251565e-16,0.20000000000000007
33,9,5,0.7999999999999999,0.8999999999999998,1.0,1.0,1.0,0.7999999999999999,0.8999999999999998,1.0,1.0,1.0,0.9999999999999999,0.9999999999999999,1.0,1.0,1.0,0.8999999999999998,0.9999999999999999,0.0820000000000001,1.1102230246251565e-16,0.20000000000000007,0.08413333333333342,1.1102230246251565e-16,0.20000000000000007
34,1,14,0.8461538461538461,0.9428571428571428,1.0,1.0,0.6666666666666666,0.8461538461538461,0.9428571428571428,1.0,1.0,0.6666666666666666,1.0,1.0,1.0,1.0,1.0,0.9032967032967033,0.9736263736263736,0.0703736263736263,0.0439560439560438,0.08791208791208782,0.14546520146520142,0.10989010989010983,0.17582417582417575
34,2,14,0.8461538461538461,0.9340659340659341,1.0,0.6666666666666666,1.0,0.8461538461538461,0.9340659340659341,1.0,0.6666666666666666,1.0,1.0,1.0,1.0,1.0,1.0,0.8549450549450549,0.9648351648351648,0.0596776556776556,0.0439560439560438,0.08791208791208782,0.15471062271062266,0.10989010989010983,0.19780219780219777
34,3,12,0.5454545454545454,0.7132867132867133,1.0,0.42857142857142855,0.8181818181818182,0.5454545454545454,0.7132867132867133,1.0,0.42857142857142855,0.8181818181818182,0.9999999999999998,1.0,1.0,1.0,1.0,0.46153846153846156,0.8461538461538463,0.08381818181818194,0.060606060606060774,0.12121212121212133,0.3337979797979799,0.24242424242424254,0.4242424242424243
34,4,11,0.6727272727272727,0.8272727272727273,1.0,0.6666666666666666,1.0,0.6727272727272727,0.8272727272727273,1.0,0.6666666666666666,1.0,1.0,1.0,1.0,1.0,1.0,0.6545454545454547,0.9090909090909091,0.06455757575757574,0.036363636363636376,0.10909090909090913,0.24858181818181818,0.18181818181818177,0.32727272727272727
34,5,10,0.8222222222222221,0.9151515151515152,1.0,0.6666666666666666,1.0,0.8222222222222221,0.9151515151515152,1.0,0.6666666666666666,1.0,0.9999999999999999,0.9999999999999999,1.0,1.0,1.0,0.6848484848484848,0.8666666666666665,0.07318518518518531,0.04444444444444462,0.08888888888888902,0.22663703703703714,0.13333333333333341,0.2666666666666667
34,6,10,0.8222222222222221,0.9272727272727272,0.5,1.0,1.0,0.8222222222222221,0.9272727272727272,0.5,1.0,1.0,0.9999999999999999,0.9999999999999999,1.0,1.0,1.0,0.7818181818181817,0.9272727272727272,0.08426666666666681,0.04444444444444462,0.13333333333333341,0.1723851851851853,0.13333333333333341,0.22222222222222232
34,7,9,0.8888888888888888,0.9666666666666667,1.0,0.6666666666666666,1.0,0.8888888888888888,0.9666666666666667,1.0,0.6666666666666666,1.0,1.0,1.0,1.0,1.0,1.0,0.8166666666666667,0.9166666666666666,0.07214814814814813,0.05555555555555547,0.11111111111111116,0.21418518518518517,0.16666666666666663,0.2777777777777778
34,8,8,0.6428571428571428,0.8333333333333335,1.0,0.6666666666666666,1.0,0.6428571428571428,0.8333333333333335,1.0,0.6666666666666666,1.0,0.9999999999999998,1.0,1.0,1.0,1.0,0.7142857142857144,0.9285714285714287,0.10123809523809534,0.07142857142857151,0.1428571428571429,0.2326190476190477,0.1428571428571429,0.2857142857142858
34,9,7,0.8095238095238096,0.8928571428571429,0.5,1.0,1.0,0.8095238095238096,0.8928571428571429,0.5,1.0,1.0,1.0,1.0,1.0,1.0,1.0,0.7857142857142859,0.9642857142857145,0.08952380952380944,0.0,0.09523809523809512,0.13574603174603164,0.09523809523809512,0.19047619047619035
34,10,6,0.7333333333333333,0.8285714285714287,1.0,0.6666666666666666,1.0,0.7333333333333333,0.8285714285714287,1.0,0.6666666666666666,1.0,0.9999999999999999,1.0,1.0,1.0,1.0,0.8285714285714287,1.0,0.035822222222222325,1.1102230246251565e-16,0.13333333333333341,0.21671111111111116,0.13333333333333341,0.2666666666666667
34,11,5,0.7999999999999999,0.8999999999999998,1.0,1.0,1.0,0.7999999999999999,0.8999999999999998,1.0,1.0,1.0,0.9999999999999999,0.9999999999999999,1.0,1.0,1.0,0.8999999999999998,0.9999999999999999,0.050933333333333435,1.1102230246251565e-16,0.20000000000000007,0.15093333333333342,1.1102230246251565e-16,0.20000000000000007
